COUNTRY,YEAR,IndicatorCode,NumericValue
ISR,2025,NTD_6,
NLD,2025,NTD_6,
SWZ,2025,NTD_6,
SYR,2025,NTD_6,
ITA,2025,NTD_6,
ARG,2025,NTD_6,
SLE,2025,NTD_6,
GHA,2025,NTD_6,
NZL,2025,NTD_6,
LVA,2025,NTD_6,
ZAF,2025,NTD_6,
MDV,2025,NTD_6,
KHM,2025,NTD_6,
VNM,2025,NTD_6,
NAM,2025,NTD_6,
ISL,2025,NTD_6,
KAZ,2025,NTD_6,
KGZ,2025,NTD_6,
UZB,2025,NTD_6,
CAN,2025,NTD_6,
IRL,2025,NTD_6,
BIH,2025,NTD_6,
DZA,2025,NTD_6,
GRC,2025,NTD_6,
LTU,2025,NTD_6,
CYP,2025,NTD_6,
GTM,2025,NTD_6,
PNG,2025,NTD_6,
TUR,2025,NTD_6,
BGR,2025,NTD_6,
VCT,2025,NTD_6,
FIN,2025,NTD_6,
CHN,2025,NTD_6,
BLR,2025,NTD_6,
DOM,2025,NTD_6,
TLS,2025,NTD_6,
ECU,2025,NTD_6,
STP,2025,NTD_6,
NER,2025,NTD_6,
MDG,2025,NTD_6,
TGO,2025,NTD_6,
FJI,2025,NTD_6,
SMR,2025,NTD_6,
SVK,2025,NTD_6,
NRU,2025,NTD_6,
LKA,2025,NTD_6,
MNG,2025,NTD_6,
IDN,2025,NTD_6,
SUR,2025,NTD_6,
TZA,2025,NTD_6,
DNK,2025,NTD_6,
KEN,2025,NTD_6,
AGO,2025,NTD_6,
BLZ,2025,NTD_6,
PRY,2025,NTD_6,
GNQ,2025,NTD_6,
KIR,2025,NTD_6,
VUT,2025,NTD_6,
PRK,2025,NTD_6,
DJI,2025,NTD_6,
ARM,2025,NTD_6,
MHL,2025,NTD_6,
ZWE,2025,NTD_6,
MOZ,2025,NTD_6,
BGD,2025,NTD_6,
GRD,2025,NTD_6,
MDA,2025,NTD_6,
PAN,2025,NTD_6,
SWE,2025,NTD_6,
POL,2025,NTD_6,
IRQ,2025,NTD_6,
USA,2025,NTD_6,
PLW,2025,NTD_6,
VEN,2025,NTD_6,
LBR,2025,NTD_6,
DEU,2025,NTD_6,
BHR,2025,NTD_6,
PHL,2025,NTD_6,
SRB,2025,NTD_6,
MYS,2025,NTD_6,
DMA,2025,NTD_6,
NIC,2025,NTD_6,
SAU,2025,NTD_6,
JPN,2025,NTD_6,
SYC,2025,NTD_6,
LBY,2025,NTD_6,
ERI,2025,NTD_6,
TON,2025,NTD_6,
CHL,2025,NTD_6,
GMB,2025,NTD_6,
CRI,2025,NTD_6,
SVN,2025,NTD_6,
IND,2025,NTD_6,
BRB,2025,NTD_6,
PER,2025,NTD_6,
SGP,2025,NTD_6,
NIU,2025,NTD_6,
TUV,2025,NTD_6,
CPV,2025,NTD_6,
IRN,2025,NTD_6,
ARE,2025,NTD_6,
LCA,2025,NTD_6,
BEL,2025,NTD_6,
ESP,2025,NTD_6,
SOM,2025,NTD_6,
AUT,2025,NTD_6,
UGA,2025,NTD_6,
FSM,2025,NTD_6,
MEX,2025,NTD_6,
ETH,2025,NTD_6,
PRT,2025,NTD_6,
MCO,2025,NTD_6,
WSM,2025,NTD_6,
ALB,2025,NTD_6,
CHE,2025,NTD_6,
COD,2025,NTD_6,
TCD,2025,NTD_6,
AND,2025,NTD_6,
PAK,2025,NTD_6,
CZE,2025,NTD_6,
GAB,2025,NTD_6,
MLT,2025,NTD_6,
CAF,2025,NTD_6,
RUS,2025,NTD_6,
JAM,2025,NTD_6,
JOR,2025,NTD_6,
GNB,2025,NTD_6,
MLI,2025,NTD_6,
SLB,2025,NTD_6,
BWA,2025,NTD_6,
GBR,2025,NTD_6,
NGA,2025,NTD_6,
CUB,2025,NTD_6,
TUN,2025,NTD_6,
GUY,2025,NTD_6,
HRV,2025,NTD_6,
QAT,2025,NTD_6,
BRA,2025,NTD_6,
RWA,2025,NTD_6,
ATG,2025,NTD_6,
TTO,2025,NTD_6,
OMN,2025,NTD_6,
BOL,2025,NTD_6,
CIV,2025,NTD_6,
ZMB,2025,NTD_6,
BTN,2025,NTD_6,
MUS,2025,NTD_6,
COG,2025,NTD_6,
COM,2025,NTD_6,
MWI,2025,NTD_6,
MMR,2025,NTD_6,
LBN,2025,NTD_6,
GEO,2025,NTD_6,
SLV,2025,NTD_6,
LUX,2025,NTD_6,
KWT,2025,NTD_6,
MKD,2025,NTD_6,
AFG,2025,NTD_6,
MAR,2025,NTD_6,
ROU,2025,NTD_6,
EGY,2025,NTD_6,
HND,2025,NTD_6,
BRN,2025,NTD_6,
TKM,2025,NTD_6,
YEM,2025,NTD_6,
BDI,2025,NTD_6,
SDN,2025,NTD_6,
URY,2025,NTD_6,
CMR,2025,NTD_6,
NOR,2025,NTD_6,
TJK,2025,NTD_6,
BHS,2025,NTD_6,
UKR,2025,NTD_6,
GIN,2025,NTD_6,
MRT,2025,NTD_6,
LSO,2025,NTD_6,
FRA,2025,NTD_6,
HUN,2025,NTD_6,
LAO,2025,NTD_6,
SEN,2025,NTD_6,
KNA,2025,NTD_6,
SSD,2025,NTD_6,
COL,2025,NTD_6,
THA,2025,NTD_6,
NPL,2025,NTD_6,
MNE,2025,NTD_6,
EST,2025,NTD_6,
AUS,2025,NTD_6,
BEN,2025,NTD_6,
HTI,2025,NTD_6,
COK,2025,NTD_6,
BFA,2025,NTD_6,
AZE,2025,NTD_6,
KOR,2025,NTD_6,
AFG,2015,NTD_7,
MRT,2013,NTD_7,245121.0
ZMB,2018,NTD_7,5085420.0
IRQ,2022,NTD_7,
MRT,2023,NTD_7,0.0
NER,2019,NTD_7,4998231.0
NER,2014,NTD_7,6269333.0
GTM,2021,NTD_7,0.0
KEN,2015,NTD_7,4752164.0
BEN,2016,NTD_7,1154786.0
AFG,2022,NTD_7,456005.0
IND,2022,NTD_7,0.0
IRN,2020,NTD_7,0.0
NRU,2014,NTD_7,
SOM,2014,NTD_7,
IRN,2022,NTD_7,0.0
UGA,2017,NTD_7,589421.0
TZA,2016,NTD_7,4661147.0
BRA,2024,NTD_7,0.0
BEN,2019,NTD_7,519010.0
SDN,2019,NTD_7,3796261.0
IND,2016,NTD_7,
NPL,2021,NTD_7,0.0
SOM,2019,NTD_7,
VUT,2023,NTD_7,0.0
NGA,2020,NTD_7,7983852.0
GTM,2013,NTD_7,75890.0
KHM,2023,NTD_7,0.0
BWA,2024,NTD_7,0.0
FJI,2019,NTD_7,919387.0
ZMB,2013,NTD_7,7188443.0
MLI,2018,NTD_7,0.0
SDN,2024,NTD_7,1761114.0
AFG,2023,NTD_7,465125.0
AGO,2022,NTD_7,853622.0
CHN,2021,NTD_7,0.0
GMB,2014,NTD_7,0.0
YEM,2022,NTD_7,2614019.0
OMN,2018,NTD_7,0.0
CMR,2014,NTD_7,2415234.0
VEN,2013,NTD_7,
TUN,2024,NTD_7,0.0
MRT,2024,NTD_7,0.0
GMB,2016,NTD_7,0.0
MOZ,2015,NTD_7,6552996.0
SDN,2022,NTD_7,3869364.0
YEM,2019,NTD_7,2897379.0
BWA,2023,NTD_7,0.0
FJI,2021,NTD_7,923067.0
VEN,2021,NTD_7,
VNM,2017,NTD_7,3712.0
PNG,2021,NTD_7,1869839.0
COL,2015,NTD_7,139242.0
NER,2020,NTD_7,4868455.0
BDI,2024,NTD_7,0.0
SOM,2022,NTD_7,
CHN,2023,NTD_7,0.0
SOM,2017,NTD_7,
CHN,2022,NTD_7,0.0
ETH,2019,NTD_7,76238251.0
BFA,2014,NTD_7,5550988.0
NGA,2021,NTD_7,5205575.0
ERI,2024,NTD_7,0.0
KEN,2017,NTD_7,3325855.0
LBY,2024,NTD_7,0.0
VEN,2018,NTD_7,
MRT,2022,NTD_7,0.0
TCD,2014,NTD_7,7031888.0
PAK,2024,NTD_7,0.0
NPL,2024,NTD_7,0.0
NAM,2015,NTD_7,
LBY,2020,NTD_7,
EGY,2022,NTD_7,2004173.0
BRA,2020,NTD_7,5042204.0
CIV,2024,NTD_7,0.0
COL,2016,NTD_7,152101.0
FJI,2014,NTD_7,892573.0
GIN,2022,NTD_7,0.0
SSD,2022,NTD_7,4218290.0
NAM,2024,NTD_7,0.0
VEN,2014,NTD_7,
MLI,2022,NTD_7,0.0
TCD,2020,NTD_7,270320.0
MOZ,2020,NTD_7,4718057.0
FSM,2020,NTD_7,
IRN,2014,NTD_7,0.0
SAU,2022,NTD_7,0.0
VUT,2016,NTD_7,271465.0
FSM,2021,NTD_7,
BFA,2024,NTD_7,0.0
SDN,2013,NTD_7,2852416.0
CIV,2014,NTD_7,
TUN,2023,NTD_7,0.0
GIN,2018,NTD_7,3602477.0
BDI,2022,NTD_7,0.0
GTM,2023,NTD_7,0.0
SEN,2019,NTD_7,0.0
YEM,2013,NTD_7,3496908.0
SSD,2020,NTD_7,3301101.0
MRT,2021,NTD_7,0.0
MWI,2014,NTD_7,7324374.0
GIN,2021,NTD_7,241352.0
TCD,2018,NTD_7,3848821.0
CIV,2018,NTD_7,2665715.0
BRA,2022,NTD_7,5245909.0
MMR,2018,NTD_7,0.0
GHA,2016,NTD_7,0.0
NPL,2020,NTD_7,0.0
BEN,2020,NTD_7,0.0
MLI,2020,NTD_7,0.0
IND,2021,NTD_7,0.0
UGA,2023,NTD_7,685891.0
PER,2015,NTD_7,
NPL,2019,NTD_7,0.0
BDI,2023,NTD_7,0.0
GHA,2013,NTD_7,
KIR,2013,NTD_7,60488.0
GNB,2022,NTD_7,0.0
OMN,2024,NTD_7,0.0
ZWE,2017,NTD_7,1660159.0
GMB,2021,NTD_7,0.0
TGO,2013,NTD_7,0.0
NAM,2014,NTD_7,
TZA,2015,NTD_7,4768826.0
NRU,2016,NTD_7,
CIV,2019,NTD_7,6755650.0
PNG,2024,NTD_7,0.0
KEN,2023,NTD_7,2168856.0
SAU,2024,NTD_7,0.0
MLI,2023,NTD_7,0.0
EGY,2018,NTD_7,1888299.0
KIR,2015,NTD_7,
CMR,2013,NTD_7,1613234.0
BRA,2018,NTD_7,4943337.0
PAK,2020,NTD_7,2605563.0
BWA,2015,NTD_7,
GNB,2020,NTD_7,26834.0
TGO,2016,NTD_7,0.0
PER,2016,NTD_7,
GMB,2019,NTD_7,0.0
AFG,2021,NTD_7,447064.0
ETH,2014,NTD_7,72657474.0
EGY,2013,NTD_7,32563245.0
BRA,2023,NTD_7,0.0
GNB,2021,NTD_7,26834.0
KEN,2024,NTD_7,1348361.0
AFG,2018,NTD_7,
KIR,2018,NTD_7,121374.0
COD,2022,NTD_7,8607017.0
IRN,2019,NTD_7,0.0
VEN,2015,NTD_7,
MMR,2014,NTD_7,
DZA,2013,NTD_7,22713.0
VUT,2024,NTD_7,0.0
TCD,2023,NTD_7,1286234.0
GIN,2024,NTD_7,0.0
PAK,2019,NTD_7,4027192.0
KIR,2019,NTD_7,122769.0
CAF,2020,NTD_7,3531155.0
TCD,2019,NTD_7,3491261.0
PNG,2020,NTD_7,1833176.0
GIN,2016,NTD_7,5448543.0
GMB,2017,NTD_7,0.0
KHM,2024,NTD_7,0.0
CAF,2022,NTD_7,3860632.0
AUS,2017,NTD_7,20123.0
MWI,2020,NTD_7,0.0
TCD,2024,NTD_7,861433.0
LAO,2015,NTD_7,0.0
BDI,2015,NTD_7,2293534.0
AGO,2020,NTD_7,
GHA,2024,NTD_7,0.0
CHN,2018,NTD_7,0.0
KHM,2014,NTD_7,0.0
MMR,2013,NTD_7,
MEX,2024,NTD_7,0.0
TZA,2022,NTD_7,2102696.0
GNB,2017,NTD_7,407686.0
BDI,2021,NTD_7,0.0
FJI,2017,NTD_7,911449.0
PAK,2021,NTD_7,2605563.0
KEN,2018,NTD_7,3269994.0
SSD,2014,NTD_7,2893614.0
AFG,2024,NTD_7,474427.0
PAK,2017,NTD_7,3177676.0
ZMB,2016,NTD_7,4980685.0
TCD,2022,NTD_7,1379732.0
YEM,2017,NTD_7,1455523.0
BEN,2018,NTD_7,1237030.0
MLI,2013,NTD_7,2059843.0
SEN,2020,NTD_7,0.0
NGA,2013,NTD_7,18445018.0
AGO,2013,NTD_7,
LBY,2018,NTD_7,
BDI,2013,NTD_7,
IRN,2017,NTD_7,0.0
MEX,2015,NTD_7,0.0
COL,2024,NTD_7,228096.0
TUN,2022,NTD_7,0.0
MMR,2019,NTD_7,0.0
DZA,2018,NTD_7,5392.0
BRA,2017,NTD_7,4943337.0
VEN,2024,NTD_7,
CMR,2021,NTD_7,331541.0
AFG,2019,NTD_7,429310.0
MEX,2021,NTD_7,0.0
ZWE,2013,NTD_7,447002.0
SOM,2018,NTD_7,
AFG,2013,NTD_7,262736.0
TGO,2018,NTD_7,0.0
VEN,2020,NTD_7,
GHA,2020,NTD_7,0.0
AGO,2021,NTD_7,
TZA,2020,NTD_7,1481211.0
ZWE,2020,NTD_7,3666137.0
IRQ,2016,NTD_7,
SDN,2023,NTD_7,2119025.0
MRT,2020,NTD_7,0.0
CMR,2017,NTD_7,0.0
MEX,2020,NTD_7,0.0
FSM,2023,NTD_7,
NAM,2023,NTD_7,0.0
CAF,2013,NTD_7,3766803.0
SAU,2023,NTD_7,0.0
BWA,2021,NTD_7,
VEN,2022,NTD_7,
MRT,2015,NTD_7,690268.0
LAO,2024,NTD_7,0.0
PNG,2014,NTD_7,
CHN,2013,NTD_7,
AGO,2014,NTD_7,
SDN,2016,NTD_7,4979841.0
CMR,2018,NTD_7,0.0
EGY,2014,NTD_7,
DZA,2023,NTD_7,0.0
SLB,2013,NTD_7,487695.0
NAM,2019,NTD_7,
BFA,2016,NTD_7,4288965.0
MAR,2017,NTD_7,0.0
SLB,2016,NTD_7,518106.0
GMB,2015,NTD_7,0.0
KEN,2016,NTD_7,4626041.0
GNB,2014,NTD_7,1233472.0
IND,2013,NTD_7,
TGO,2021,NTD_7,0.0
ERI,2022,NTD_7,98688.0
COL,2022,NTD_7,203060.0
KEN,2021,NTD_7,2801134.0
YEM,2015,NTD_7,917070.0
AUS,2021,NTD_7,18286.0
IRN,2018,NTD_7,0.0
DZA,2021,NTD_7,0.0
PER,2019,NTD_7,82739.0
SSD,2017,NTD_7,2037403.0
COD,2020,NTD_7,13264523.0
PNG,2017,NTD_7,1158540.0
IND,2023,NTD_7,0.0
CMR,2019,NTD_7,243522.0
COD,2017,NTD_7,7096441.0
AUS,2022,NTD_7,3477.0
GNB,2016,NTD_7,1074652.0
NGA,2014,NTD_7,24720588.0
EGY,2020,NTD_7,1945374.0
BEN,2014,NTD_7,1025779.0
OMN,2023,NTD_7,0.0
PAK,2014,NTD_7,1840427.0
SOM,2023,NTD_7,
SEN,2017,NTD_7,1521752.0
MLI,2017,NTD_7,633949.0
VNM,2024,NTD_7,0.0
VNM,2015,NTD_7,0.0
COL,2017,NTD_7,153567.0
AUS,2013,NTD_7,144692.0
PNG,2022,NTD_7,1907236.0
IRQ,2024,NTD_7,0.0
TCD,2021,NTD_7,525691.0
TGO,2017,NTD_7,0.0
TGO,2024,NTD_7,0.0
KIR,2021,NTD_7,125740.0
BEN,2023,NTD_7,0.0
GIN,2023,NTD_7,0.0
CIV,2020,NTD_7,7862733.0
NRU,2015,NTD_7,
AUS,2024,NTD_7,8631.0
COL,2021,NTD_7,199078.0
BFA,2023,NTD_7,0.0
VEN,2023,NTD_7,
NAM,2022,NTD_7,
BEN,2022,NTD_7,0.0
MAR,2022,NTD_7,0.0
SSD,2021,NTD_7,3457307.0
OMN,2016,NTD_7,0.0
FJI,2023,NTD_7,391964.0
PNG,2015,NTD_7,924650.0
DZA,2016,NTD_7,
IRQ,2017,NTD_7,0.0
SLB,2020,NTD_7,503483.0
PER,2014,NTD_7,
NGA,2019,NTD_7,13907587.0
GMB,2022,NTD_7,0.0
NAM,2017,NTD_7,
GHA,2018,NTD_7,0.0
GNB,2013,NTD_7,808435.0
BFA,2019,NTD_7,0.0
ETH,2017,NTD_7,69802693.0
VUT,2018,NTD_7,284095.0
NRU,2021,NTD_7,12300.0
LBY,2014,NTD_7,
VEN,2019,NTD_7,
YEM,2016,NTD_7,1038108.0
NAM,2016,NTD_7,
ZWE,2022,NTD_7,2258393.0
LBY,2019,NTD_7,
UGA,2020,NTD_7,700236.0
GTM,2015,NTD_7,116582.0
SOM,2020,NTD_7,
IND,2015,NTD_7,
AGO,2018,NTD_7,
IRQ,2019,NTD_7,
TZA,2023,NTD_7,1926935.0
SLB,2021,NTD_7,598343.0
SOM,2013,NTD_7,
PAK,2018,NTD_7,3536125.0
ERI,2023,NTD_7,0.0
GIN,2019,NTD_7,1406811.0
CAF,2016,NTD_7,2035086.0
AGO,2015,NTD_7,
NRU,2017,NTD_7,
FJI,2018,NTD_7,917552.0
CAF,2015,NTD_7,2021778.0
BWA,2018,NTD_7,
ERI,2016,NTD_7,1497725.0
COL,2019,NTD_7,191348.0
MLI,2014,NTD_7,2805367.0
COD,2015,NTD_7,3011531.0
SOM,2015,NTD_7,0.0
CHN,2020,NTD_7,0.0
MEX,2023,NTD_7,0.0
CAF,2023,NTD_7,3947522.0
LBY,2015,NTD_7,
IND,2017,NTD_7,0.0
PER,2013,NTD_7,
NRU,2019,NTD_7,10774.0
IND,2019,NTD_7,0.0
MAR,2014,NTD_7,0.0
MWI,2017,NTD_7,1357904.0
EGY,2017,NTD_7,1736759.0
BEN,2017,NTD_7,1112343.0
IRQ,2021,NTD_7,
PAK,2013,NTD_7,
EGY,2021,NTD_7,1974555.0
ERI,2019,NTD_7,399861.0
NRU,2024,NTD_7,11946.0
GMB,2024,NTD_7,0.0
NER,2015,NTD_7,5524696.0
MEX,2014,NTD_7,0.0
BRA,2013,NTD_7,
MRT,2014,NTD_7,224323.0
SDN,2020,NTD_7,3498854.0
YEM,2023,NTD_7,2667090.0
NPL,2013,NTD_7,3596637.0
SDN,2018,NTD_7,4150403.0
COD,2019,NTD_7,12534712.0
UGA,2016,NTD_7,1622529.0
LAO,2013,NTD_7,0.0
IRQ,2018,NTD_7,0.0
ZMB,2023,NTD_7,624587.0
VNM,2016,NTD_7,2157.0
IND,2014,NTD_7,
SEN,2016,NTD_7,2773498.0
AGO,2024,NTD_7,910291.0
SLB,2018,NTD_7,542215.0
DZA,2024,NTD_7,0.0
CMR,2016,NTD_7,1638749.0
GTM,2017,NTD_7,116582.0
SOM,2021,NTD_7,
CHN,2017,NTD_7,0.0
ZMB,2014,NTD_7,9667676.0
TUN,2021,NTD_7,0.0
GHA,2014,NTD_7,0.0
BRA,2015,NTD_7,4402470.0
MLI,2019,NTD_7,0.0
MWI,2016,NTD_7,4009568.0
CAF,2017,NTD_7,2590015.0
BRA,2019,NTD_7,4943337.0
IRN,2021,NTD_7,0.0
VUT,2019,NTD_7,291481.0
CHN,2014,NTD_7,
BWA,2013,NTD_7,
SEN,2018,NTD_7,1096783.0
ETH,2013,NTD_7,64497779.0
ERI,2014,NTD_7,
VNM,2014,NTD_7,0.0
KHM,2022,NTD_7,0.0
KEN,2022,NTD_7,2641960.0
VUT,2021,NTD_7,305040.0
LAO,2022,NTD_7,0.0
BFA,2020,NTD_7,0.0
LAO,2021,NTD_7,0.0
UGA,2018,NTD_7,607279.0
MEX,2017,NTD_7,0.0
SLB,2023,NTD_7,722398.0
YEM,2024,NTD_7,2362104.0
IND,2024,NTD_7,0.0
MRT,2019,NTD_7,0.0
ZWE,2018,NTD_7,1732077.0
TZA,2013,NTD_7,26436428.0
GNB,2024,NTD_7,0.0
MMR,2022,NTD_7,0.0
CMR,2020,NTD_7,323140.0
GNB,2015,NTD_7,1044412.0
BWA,2020,NTD_7,
GTM,2022,NTD_7,0.0
TCD,2017,NTD_7,4853178.0
DZA,2022,NTD_7,0.0
NGA,2016,NTD_7,21837512.0
AUS,2014,NTD_7,54311.0
CAF,2014,NTD_7,2440520.0
MMR,2020,NTD_7,0.0
KIR,2016,NTD_7,117424.0
KIR,2020,NTD_7,124250.0
ZMB,2017,NTD_7,4597536.0
UGA,2021,NTD_7,958461.0
NAM,2020,NTD_7,
TZA,2021,NTD_7,2132007.0
GTM,2014,NTD_7,57763.0
UGA,2013,NTD_7,11012116.0
ETH,2018,NTD_7,77653029.0
SLB,2019,NTD_7,493611.0
AGO,2019,NTD_7,
NAM,2021,NTD_7,
KHM,2017,NTD_7,0.0
NER,2016,NTD_7,5456559.0
KEN,2014,NTD_7,4109830.0
SEN,2021,NTD_7,0.0
TGO,2015,NTD_7,0.0
CHN,2024,NTD_7,0.0
NRU,2018,NTD_7,
MOZ,2014,NTD_7,7698301.0
EGY,2015,NTD_7,1640557.0
MWI,2018,NTD_7,1651221.0
NER,2018,NTD_7,9201358.0
TZA,2024,NTD_7,1972807.0
NPL,2017,NTD_7,0.0
SEN,2013,NTD_7,1777694.0
GNB,2019,NTD_7,26834.0
EGY,2023,NTD_7,2054277.0
BWA,2014,NTD_7,
SLB,2015,NTD_7,534850.0
VUT,2020,NTD_7,299059.0
KIR,2017,NTD_7,120007.0
ETH,2020,NTD_7,75731040.0
VUT,2022,NTD_7,0.0
CIV,2013,NTD_7,
AUS,2016,NTD_7,20994.0
VNM,2019,NTD_7,144457.0
MWI,2023,NTD_7,0.0
ETH,2023,NTD_7,63060994.0
TCD,2013,NTD_7,7182770.0
CAF,2018,NTD_7,2866251.0
BWA,2022,NTD_7,0.0
CAF,2024,NTD_7,3630485.0
GTM,2024,NTD_7,0.0
TGO,2020,NTD_7,0.0
ZMB,2024,NTD_7,642076.0
ZWE,2019,NTD_7,3623648.0
IRN,2016,NTD_7,0.0
ERI,2017,NTD_7,1076700.0
BFA,2013,NTD_7,2330303.0
BDI,2018,NTD_7,382790.0
BFA,2022,NTD_7,0.0
BEN,2024,NTD_7,0.0
MWI,2022,NTD_7,0.0
LBY,2022,NTD_7,0.0
UGA,2024,NTD_7,715900.0
SSD,2015,NTD_7,1067985.0
OMN,2019,NTD_7,0.0
NAM,2018,NTD_7,
KEN,2019,NTD_7,3222171.0
SLB,2014,NTD_7,522826.0
MWI,2024,NTD_7,0.0
SAU,2021,NTD_7,0.0
NPL,2015,NTD_7,249157.0
SSD,2023,NTD_7,4467120.0
LAO,2020,NTD_7,0.0
LBY,2013,NTD_7,
AGO,2023,NTD_7,882921.0
UGA,2015,NTD_7,5912760.0
MRT,2017,NTD_7,337405.0
DZA,2014,NTD_7,
PNG,2018,NTD_7,1797231.0
ZWE,2014,NTD_7,636445.0
UGA,2019,NTD_7,633329.0
LAO,2016,NTD_7,0.0
MOZ,2013,NTD_7,6203049.0
UGA,2022,NTD_7,636115.0
VUT,2017,NTD_7,277708.0
CMR,2022,NTD_7,371057.0
MLI,2016,NTD_7,3596513.0
COD,2024,NTD_7,9201738.0
ETH,2015,NTD_7,75106161.0
CIV,2017,NTD_7,2605145.0
MWI,2021,NTD_7,0.0
BWA,2016,NTD_7,0.0
LAO,2018,NTD_7,0.0
FJI,2015,NTD_7,898821.0
CMR,2024,NTD_7,323829.0
MOZ,2024,NTD_7,2499055.0
MWI,2013,NTD_7,1660547.0
KIR,2024,NTD_7,130322.0
CAF,2019,NTD_7,3108413.0
NRU,2022,NTD_7,12546.0
BRA,2014,NTD_7,5489056.0
ETH,2021,NTD_7,71787220.0
CHN,2015,NTD_7,0.0
ZWE,2024,NTD_7,259552.0
PAK,2023,NTD_7,0.0
LAO,2017,NTD_7,0.0
MEX,2016,NTD_7,0.0
GHA,2022,NTD_7,0.0
PER,2017,NTD_7,146950.0
CIV,2015,NTD_7,1890060.0
IRQ,2014,NTD_7,0.0
VNM,2020,NTD_7,147346.0
NER,2017,NTD_7,7846331.0
BDI,2014,NTD_7,673660.0
OMN,2017,NTD_7,0.0
IRN,2023,NTD_7,0.0
OMN,2013,NTD_7,0.0
NGA,2018,NTD_7,21243693.0
OMN,2021,NTD_7,0.0
VNM,2023,NTD_7,0.0
NGA,2022,NTD_7,4788514.0
MAR,2019,NTD_7,0.0
COL,2020,NTD_7,195175.0
GNB,2023,NTD_7,0.0
IRQ,2015,NTD_7,0.0
GHA,2023,NTD_7,0.0
GIN,2020,NTD_7,234636.0
NER,2021,NTD_7,5284870.0
MAR,2018,NTD_7,0.0
KEN,2013,NTD_7,2905361.0
LAO,2023,NTD_7,0.0
AUS,2023,NTD_7,10441.0
BDI,2020,NTD_7,0.0
GMB,2023,NTD_7,0.0
BFA,2021,NTD_7,0.0
BDI,2016,NTD_7,2467199.0
TGO,2022,NTD_7,0.0
MMR,2024,NTD_7,0.0
BWA,2019,NTD_7,
GHA,2019,NTD_7,0.0
YEM,2020,NTD_7,2566332.0
GTM,2018,NTD_7,0.0
BEN,2021,NTD_7,0.0
FJI,2022,NTD_7,941528.0
BEN,2015,NTD_7,1173099.0
ERI,2020,NTD_7,125856.0
SDN,2015,NTD_7,5112940.0
ERI,2021,NTD_7,96000.0
MEX,2019,NTD_7,0.0
ERI,2013,NTD_7,1289598.0
VEN,2016,NTD_7,
NGA,2017,NTD_7,19868226.0
NGA,2015,NTD_7,19996558.0
ZMB,2020,NTD_7,2347838.0
GHA,2021,NTD_7,0.0
PER,2022,NTD_7,124212.0
COD,2016,NTD_7,5461980.0
CHN,2016,NTD_7,0.0
FSM,2018,NTD_7,
MLI,2024,NTD_7,0.0
VNM,2022,NTD_7,0.0
GMB,2018,NTD_7,0.0
MWI,2015,NTD_7,7638317.0
TZA,2019,NTD_7,2865988.0
NER,2013,NTD_7,7699606.0
MOZ,2018,NTD_7,4882921.0
TGO,2023,NTD_7,0.0
AGO,2016,NTD_7,
PAK,2015,NTD_7,3074598.0
DZA,2017,NTD_7,5392.0
DZA,2015,NTD_7,
FSM,2019,NTD_7,
MRT,2016,NTD_7,293725.0
CIV,2016,NTD_7,2068076.0
KIR,2022,NTD_7,127250.0
LBY,2021,NTD_7,0.0
DZA,2019,NTD_7,5392.0
GIN,2014,NTD_7,5418768.0
AFG,2020,NTD_7,446163.0
VUT,2013,NTD_7,219937.0
AUS,2020,NTD_7,20401.0
KHM,2019,NTD_7,0.0
UGA,2014,NTD_7,9293032.0
EGY,2019,NTD_7,1916624.0
ERI,2018,NTD_7,956062.0
PER,2021,NTD_7,183773.0
ZMB,2015,NTD_7,2990824.0
GTM,2020,NTD_7,0.0
ZMB,2019,NTD_7,2636720.0
KHM,2016,NTD_7,0.0
FJI,2016,NTD_7,905113.0
COL,2014,NTD_7,16609.0
LBY,2023,NTD_7,0.0
MOZ,2017,NTD_7,4395204.0
GNB,2018,NTD_7,488142.0
AUS,2018,NTD_7,20123.0
MMR,2021,NTD_7,0.0
COD,2023,NTD_7,10082258.0
LAO,2019,NTD_7,0.0
MOZ,2022,NTD_7,3397826.0
IRQ,2013,NTD_7,0.0
SDN,2014,NTD_7,5063648.0
OMN,2014,NTD_7,0.0
ZWE,2021,NTD_7,4454588.0
TZA,2014,NTD_7,9698912.0
COD,2021,NTD_7,10237798.0
MEX,2022,NTD_7,0.0
SEN,2015,NTD_7,4270350.0
CIV,2021,NTD_7,6237002.0
ZWE,2016,NTD_7,1556052.0
YEM,2021,NTD_7,2651678.0
MAR,2013,NTD_7,
SOM,2024,NTD_7,0.0
GTM,2019,NTD_7,0.0
GHA,2015,NTD_7,0.0
NAM,2013,NTD_7,
NRU,2013,NTD_7,9488.0
COL,2013,NTD_7,113512.0
BEN,2013,NTD_7,560873.0
SOM,2016,NTD_7,
TGO,2014,NTD_7,0.0
NER,2022,NTD_7,3364127.0
TZA,2017,NTD_7,3216046.0
BRA,2021,NTD_7,5143048.0
MOZ,2021,NTD_7,4965536.0
MAR,2015,NTD_7,0.0
PNG,2023,NTD_7,1945381.0
KHM,2021,NTD_7,0.0
BFA,2015,NTD_7,4398135.0
PER,2024,NTD_7,235866.0
NGA,2024,NTD_7,6739691.0
OMN,2022,NTD_7,0.0
PNG,2013,NTD_7,3276365.0
KEN,2020,NTD_7,3859708.0
FSM,2024,NTD_7,
FSM,2022,NTD_7,
YEM,2018,NTD_7,1531570.0
SLB,2017,NTD_7,530022.0
LBY,2017,NTD_7,
PER,2018,NTD_7,97682.0
MLI,2021,NTD_7,0.0
COD,2014,NTD_7,267818.0
SLB,2022,NTD_7,610310.0
IRN,2013,NTD_7,
GMB,2013,NTD_7,
CHN,2019,NTD_7,0.0
EGY,2024,NTD_7,2090193.0
SSD,2018,NTD_7,2281053.0
VNM,2018,NTD_7,3712.0
MOZ,2019,NTD_7,4425250.0
AGO,2017,NTD_7,
CIV,2022,NTD_7,3739598.0
MMR,2023,NTD_7,0.0
MAR,2024,NTD_7,0.0
MAR,2020,NTD_7,0.0
SLB,2024,NTD_7,595815.0
OMN,2015,NTD_7,0.0
IND,2018,NTD_7,0.0
COD,2018,NTD_7,9418824.0
NGA,2023,NTD_7,6281619.0
NPL,2018,NTD_7,0.0
MOZ,2016,NTD_7,6473014.0
FJI,2020,NTD_7,921225.0
PAK,2022,NTD_7,2427981.0
COL,2018,NTD_7,186680.0
NPL,2016,NTD_7,0.0
KHM,2020,NTD_7,0.0
CIV,2023,NTD_7,1069656.0
KIR,2014,NTD_7,54746.0
NER,2024,NTD_7,1724858.0
GIN,2015,NTD_7,5913295.0
SSD,2016,NTD_7,1959040.0
ZMB,2022,NTD_7,1357153.0
AFG,2017,NTD_7,
COD,2013,NTD_7,
GIN,2013,NTD_7,3255610.0
MMR,2017,NTD_7,0.0
TZA,2018,NTD_7,3649044.0
PNG,2016,NTD_7,983802.0
SEN,2022,NTD_7,0.0
IRN,2024,NTD_7,0.0
SEN,2023,NTD_7,0.0
FJI,2013,NTD_7,
ZWE,2023,NTD_7,1472043.0
FJI,2024,NTD_7,331093.0
GHA,2017,NTD_7,0.0
IRQ,2020,NTD_7,
ETH,2024,NTD_7,70152173.0
ERI,2015,NTD_7,1441264.0
OMN,2020,NTD_7,0.0
IRN,2015,NTD_7,0.0
SSD,2024,NTD_7,4566091.0
BDI,2019,NTD_7,188217.0
ETH,2016,NTD_7,74204513.0
PER,2020,NTD_7,81839.0
PAK,2016,NTD_7,3127886.0
VEN,2017,NTD_7,
MAR,2021,NTD_7,0.0
GIN,2017,NTD_7,3531049.0
BDI,2017,NTD_7,1861943.0
NPL,2014,NTD_7,506670.0
BRA,2016,NTD_7,4943337.0
NRU,2020,NTD_7,10774.0
IND,2020,NTD_7,0.0
KIR,2023,NTD_7,128779.0
COL,2023,NTD_7,207121.0
MEX,2013,NTD_7,
AUS,2019,NTD_7,13700.0
DZA,2020,NTD_7,5500.0
LAO,2014,NTD_7,0.0
AFG,2014,NTD_7,
TCD,2016,NTD_7,6138675.0
SDN,2021,NTD_7,3782508.0
MAR,2016,NTD_7,0.0
MOZ,2023,NTD_7,2729179.0
PNG,2019,NTD_7,1797231.0
LBY,2016,NTD_7,
CMR,2015,NTD_7,2177419.0
NER,2023,NTD_7,2348107.0
MMR,2015,NTD_7,
MWI,2019,NTD_7,0.0
NPL,2023,NTD_7,0.0
BWA,2017,NTD_7,
KHM,2013,NTD_7,3744551.0
ZWE,2015,NTD_7,1911091.0
VNM,2013,NTD_7,0.0
IRQ,2023,NTD_7,0.0
MRT,2018,NTD_7,0.0
BFA,2017,NTD_7,0.0
MMR,2016,NTD_7,
MEX,2018,NTD_7,0.0
SSD,2013,NTD_7,6163493.0
YEM,2014,NTD_7,556877.0
SSD,2019,NTD_7,3320485.0
TCD,2015,NTD_7,6328205.0
MLI,2015,NTD_7,978391.0
MAR,2023,NTD_7,0.0
GMB,2020,NTD_7,0.0
KHM,2018,NTD_7,0.0
BFA,2018,NTD_7,0.0
AUS,2015,NTD_7,17476.0
CMR,2023,NTD_7,286898.0
ETH,2022,NTD_7,67815004.0
SEN,2014,NTD_7,5006460.0
SEN,2024,NTD_7,0.0
VUT,2015,NTD_7,266041.0
NPL,2022,NTD_7,0.0
CAF,2021,NTD_7,3601778.0
SDN,2017,NTD_7,4067620.0
GTM,2016,NTD_7,116582.0
PER,2023,NTD_7,126398.0
KHM,2015,NTD_7,0.0
ZMB,2021,NTD_7,2402277.0
NRU,2023,NTD_7,12797.0
EGY,2016,NTD_7,1673826.0
VNM,2021,NTD_7,0.0
TGO,2019,NTD_7,0.0
VUT,2014,NTD_7,262202.0
AFG,2016,NTD_7,
GNB,2009,NTD_8,82311.0
LBY,2006,NTD_8,
SDN,2010,NTD_8,459902.0
GHA,2015,NTD_8,0.0
BEN,2021,NTD_8,0.0
PAK,2005,NTD_8,282024.0
NRU,2020,NTD_8,9300.0
SDN,2017,NTD_8,2443261.0
YEM,2024,NTD_8,948962.0
GHA,2006,NTD_8,770124.0
GHA,2011,NTD_8,
DZA,2005,NTD_8,
YEM,2015,NTD_8,0.0
NRU,2023,NTD_8,0.0
AGO,2019,NTD_8,42.0
EGY,2024,NTD_8,0.0
TCD,2024,NTD_8,0.0
BRA,2009,NTD_8,60000.0
MRT,2008,NTD_8,70583.0
SLB,2016,NTD_8,
MAR,2008,NTD_8,
TGO,2005,NTD_8,
SDN,2022,NTD_8,837991.0
CAF,2016,NTD_8,355938.0
CHN,2007,NTD_8,
VEN,2016,NTD_8,
VUT,2016,NTD_8,265836.0
AGO,2018,NTD_8,36.0
COD,2016,NTD_8,705896.0
MLI,2020,NTD_8,0.0
COL,2021,NTD_8,8075.0
CAF,2006,NTD_8,
MMR,2012,NTD_8,20000.0
BWA,2022,NTD_8,0.0
GIN,2013,NTD_8,421996.0
TZA,2019,NTD_8,1180733.0
BRA,2023,NTD_8,600.0
OMN,2021,NTD_8,0.0
VNM,2016,NTD_8,0.0
SEN,2007,NTD_8,
UGA,2009,NTD_8,3357551.0
ZWE,2020,NTD_8,1610390.0
TGO,2006,NTD_8,
IRQ,2020,NTD_8,0.0
LBY,2015,NTD_8,
OMN,2006,NTD_8,
MWI,2021,NTD_8,0.0
ZWE,2015,NTD_8,0.0
BDI,2021,NTD_8,0.0
MOZ,2019,NTD_8,3532088.0
VNM,2022,NTD_8,0.0
MRT,2014,NTD_8,99134.0
MAR,2007,NTD_8,1400.0
AGO,2011,NTD_8,144.0
MLI,2010,NTD_8,3145826.0
DZA,2017,NTD_8,4614.0
FJI,2009,NTD_8,
MOZ,2005,NTD_8,
TZA,2005,NTD_8,4990733.0
BFA,2016,NTD_8,4385808.0
MWI,2010,NTD_8,0.0
MAR,2017,NTD_8,0.0
GIN,2019,NTD_8,0.0
PNG,2014,NTD_8,
PNG,2024,NTD_8,0.0
SDN,2021,NTD_8,122141.0
BFA,2005,NTD_8,
KHM,2021,NTD_8,0.0
MEX,2015,NTD_8,72.0
NAM,2005,NTD_8,
TZA,2022,NTD_8,1811733.0
OMN,2008,NTD_8,
YEM,2006,NTD_8,
COL,2016,NTD_8,792.0
NRU,2014,NTD_8,
NAM,2010,NTD_8,
BDI,2011,NTD_8,653216.0
TZA,2017,NTD_8,2651671.0
LAO,2022,NTD_8,0.0
NAM,2019,NTD_8,0.0
CAF,2005,NTD_8,
ERI,2008,NTD_8,1364830.0
SLB,2020,NTD_8,
GTM,2019,NTD_8,
SOM,2020,NTD_8,
CIV,2023,NTD_8,0.0
BFA,2023,NTD_8,0.0
PER,2017,NTD_8,0.0
NGA,2007,NTD_8,
OMN,2013,NTD_8,
NAM,2007,NTD_8,
NER,2023,NTD_8,1099175.0
DZA,2010,NTD_8,
MAR,2012,NTD_8,
GNB,2016,NTD_8,945695.0
TGO,2024,NTD_8,0.0
MRT,2010,NTD_8,23240.0
BEN,2005,NTD_8,
KHM,2018,NTD_8,0.0
MEX,2010,NTD_8,
COD,2018,NTD_8,1771607.0
COL,2019,NTD_8,
CHN,2016,NTD_8,0.0
SEN,2005,NTD_8,245782.0
ZMB,2021,NTD_8,1175093.0
AFG,2005,NTD_8,
NGA,2019,NTD_8,9300261.0
BWA,2013,NTD_8,
TGO,2008,NTD_8,
IRQ,2021,NTD_8,
COD,2009,NTD_8,0.0
ZMB,2024,NTD_8,0.0
EGY,2005,NTD_8,
NER,2018,NTD_8,1669663.0
NPL,2014,NTD_8,392870.0
YEM,2013,NTD_8,
ETH,2021,NTD_8,46832043.0
NGA,2011,NTD_8,2802109.0
AFG,2013,NTD_8,
TCD,2011,NTD_8,
IRN,2010,NTD_8,
BEN,2023,NTD_8,0.0
NER,2019,NTD_8,3149388.0
NPL,2006,NTD_8,1169817.0
OMN,2012,NTD_8,
VUT,2020,NTD_8,0.0
NGA,2024,NTD_8,3440303.0
GTM,2006,NTD_8,
GIN,2021,NTD_8,0.0
ETH,2016,NTD_8,47219584.0
COL,2017,NTD_8,23629.0
NGA,2005,NTD_8,7533.0
SOM,2021,NTD_8,
VNM,2008,NTD_8,
EGY,2008,NTD_8,
UGA,2012,NTD_8,5150695.0
GTM,2013,NTD_8,66594.0
AUS,2009,NTD_8,
MMR,2016,NTD_8,
SLB,2005,NTD_8,
BWA,2021,NTD_8,
VUT,2010,NTD_8,
TZA,2021,NTD_8,714273.0
NPL,2020,NTD_8,0.0
SEN,2009,NTD_8,316744.0
SLB,2010,NTD_8,
NAM,2013,NTD_8,
CHN,2006,NTD_8,
SOM,2023,NTD_8,
SDN,2016,NTD_8,1792097.0
GTM,2023,NTD_8,0.0
ETH,2007,NTD_8,6044714.0
PER,2019,NTD_8,0.0
TUN,2022,NTD_8,
MWI,2017,NTD_8,1216356.0
VNM,2017,NTD_8,3712.0
GIN,2015,NTD_8,1888301.0
SSD,2018,NTD_8,308602.0
NPL,2010,NTD_8,1484730.0
TCD,2013,NTD_8,
ETH,2020,NTD_8,18315149.0
PNG,2010,NTD_8,
ZMB,2010,NTD_8,0.0
LBY,2014,NTD_8,
NGA,2021,NTD_8,0.0
MLI,2012,NTD_8,565857.0
PER,2014,NTD_8,
AFG,2021,NTD_8,
BRA,2015,NTD_8,238562.0
SLB,2018,NTD_8,
GIN,2016,NTD_8,2883632.0
PAK,2015,NTD_8,0.0
NER,2008,NTD_8,5816989.0
CAF,2011,NTD_8,
EGY,2023,NTD_8,
MEX,2024,NTD_8,0.0
NAM,2006,NTD_8,
KEN,2018,NTD_8,42790.0
SLB,2024,NTD_8,102548.0
NPL,2016,NTD_8,0.0
EGY,2010,NTD_8,
SSD,2010,NTD_8,
BDI,2014,NTD_8,0.0
KIR,2021,NTD_8,46580.0
KHM,2024,NTD_8,0.0
PAK,2014,NTD_8,0.0
GIN,2007,NTD_8,0.0
TCD,2016,NTD_8,2310218.0
MWI,2022,NTD_8,0.0
GIN,2023,NTD_8,0.0
SOM,2017,NTD_8,
NER,2012,NTD_8,5209970.0
AFG,2006,NTD_8,
COD,2015,NTD_8,0.0
NGA,2008,NTD_8,0.0
LAO,2016,NTD_8,0.0
EGY,2017,NTD_8,0.0
NRU,2007,NTD_8,
NRU,2021,NTD_8,10231.0
BDI,2015,NTD_8,0.0
AGO,2020,NTD_8,
IND,2020,NTD_8,264.0
LBY,2018,NTD_8,
IRQ,2015,NTD_8,0.0
ZWE,2011,NTD_8,
MLI,2023,NTD_8,0.0
ZMB,2009,NTD_8,3856.0
MLI,2007,NTD_8,1767877.0
MAR,2014,NTD_8,63.0
PER,2023,NTD_8,0.0
IRQ,2008,NTD_8,
GIN,2024,NTD_8,0.0
MEX,2020,NTD_8,3.0
NPL,2022,NTD_8,0.0
COD,2010,NTD_8,0.0
IRN,2017,NTD_8,0.0
VEN,2018,NTD_8,53.0
CAF,2010,NTD_8,230000.0
YEM,2016,NTD_8,0.0
ZWE,2013,NTD_8,
CHN,2014,NTD_8,0.0
CIV,2007,NTD_8,
ERI,2007,NTD_8,1364817.0
ZWE,2017,NTD_8,0.0
GMB,2022,NTD_8,0.0
VUT,2006,NTD_8,
SDN,2020,NTD_8,718708.0
LBY,2008,NTD_8,
AGO,2009,NTD_8,69.0
PNG,2012,NTD_8,
TZA,2010,NTD_8,1956440.0
EGY,2012,NTD_8,100000.0
UGA,2018,NTD_8,317948.0
SAU,2023,NTD_8,
BRA,2005,NTD_8,25000.0
LAO,2018,NTD_8,0.0
TZA,2008,NTD_8,3197497.0
IRQ,2010,NTD_8,
BEN,2008,NTD_8,
SLB,2012,NTD_8,
BDI,2024,NTD_8,0.0
FSM,2018,NTD_8,
AUS,2007,NTD_8,
IND,2017,NTD_8,2.0
SLB,2023,NTD_8,0.0
PNG,2022,NTD_8,
KHM,2011,NTD_8,0.0
MRT,2018,NTD_8,0.0
NRU,2005,NTD_8,
MLI,2021,NTD_8,0.0
SEN,2024,NTD_8,0.0
MOZ,2011,NTD_8,
ETH,2012,NTD_8,18492639.0
MLI,2019,NTD_8,0.0
BWA,2019,NTD_8,0.0
TCD,2009,NTD_8,
SDN,2005,NTD_8,132000.0
NPL,2011,NTD_8,2297026.0
UGA,2015,NTD_8,928490.0
TGO,2010,NTD_8,
FJI,2024,NTD_8,0.0
GHA,2020,NTD_8,0.0
BDI,2007,NTD_8,
CMR,2021,NTD_8,238217.0
BRA,2018,NTD_8,50797.0
ZMB,2005,NTD_8,
TGO,2017,NTD_8,0.0
ETH,2024,NTD_8,32492557.0
MEX,2006,NTD_8,
MEX,2023,NTD_8,0.0
EGY,2011,NTD_8,
EGY,2020,NTD_8,0.0
AFG,2016,NTD_8,0.0
MAR,2009,NTD_8,
NAM,2022,NTD_8,0.0
GIN,2014,NTD_8,1987575.0
NRU,2024,NTD_8,7675.0
GMB,2012,NTD_8,6204.0
BEN,2014,NTD_8,0.0
DZA,2020,NTD_8,
BDI,2022,NTD_8,0.0
SLB,2007,NTD_8,
GMB,2011,NTD_8,3175.0
KIR,2007,NTD_8,
MOZ,2023,NTD_8,952685.0
SEN,2017,NTD_8,1058940.0
GTM,2008,NTD_8,
MOZ,2022,NTD_8,1211026.0
IRN,2024,NTD_8,0.0
CIV,2024,NTD_8,0.0
NER,2015,NTD_8,0.0
ETH,2010,NTD_8,18947985.0
CAF,2008,NTD_8,
CMR,2008,NTD_8,
FJI,2015,NTD_8,0.0
KHM,2014,NTD_8,0.0
DZA,2016,NTD_8,
MEX,2019,NTD_8,64.0
MOZ,2020,NTD_8,0.0
GTM,2012,NTD_8,75890.0
TCD,2023,NTD_8,738120.0
IND,2016,NTD_8,
TGO,2013,NTD_8,
UGA,2006,NTD_8,
LAO,2005,NTD_8,5000.0
IND,2014,NTD_8,
NAM,2020,NTD_8,0.0
IRQ,2006,NTD_8,
MLI,2008,NTD_8,5543624.0
MAR,2019,NTD_8,0.0
ERI,2015,NTD_8,169073.0
MEX,2011,NTD_8,
AFG,2014,NTD_8,185.0
MWI,2013,NTD_8,1656651.0
AFG,2009,NTD_8,6032.0
SSD,2015,NTD_8,133405.0
AUS,2008,NTD_8,5709.0
SEN,2010,NTD_8,308278.0
GNB,2013,NTD_8,164402.0
OMN,2009,NTD_8,
NPL,2013,NTD_8,763042.0
PNG,2023,NTD_8,
AFG,2012,NTD_8,203.0
ZWE,2023,NTD_8,453864.0
MLI,2013,NTD_8,6981906.0
IND,2019,NTD_8,1092.0
PER,2020,NTD_8,0.0
PNG,2017,NTD_8,0.0
BWA,2016,NTD_8,0.0
PAK,2017,NTD_8,1451130.0
OMN,2024,NTD_8,0.0
SLB,2013,NTD_8,
KIR,2009,NTD_8,
ERI,2016,NTD_8,269102.0
CAF,2013,NTD_8,
EGY,2021,NTD_8,0.0
BWA,2023,NTD_8,0.0
BFA,2024,NTD_8,0.0
AGO,2016,NTD_8,85.0
MMR,2023,NTD_8,0.0
EGY,2015,NTD_8,0.0
BEN,2020,NTD_8,0.0
VUT,2017,NTD_8,0.0
BEN,2012,NTD_8,
CHN,2015,NTD_8,0.0
MAR,2013,NTD_8,
AUS,2012,NTD_8,
CMR,2012,NTD_8,1497733.0
IND,2011,NTD_8,
MLI,2005,NTD_8,3650000.0
KIR,2020,NTD_8,47813.0
KEN,2005,NTD_8,
SOM,2011,NTD_8,
IRN,2012,NTD_8,
LAO,2008,NTD_8,5000.0
TZA,2016,NTD_8,324441.0
OMN,2011,NTD_8,
CMR,2006,NTD_8,
KIR,2013,NTD_8,
ETH,2022,NTD_8,18434507.0
NPL,2005,NTD_8,1082089.0
AUS,2010,NTD_8,
CMR,2016,NTD_8,421376.0
GTM,2011,NTD_8,
UGA,2023,NTD_8,580936.0
AUS,2023,NTD_8,1677.0
FJI,2012,NTD_8,
SSD,2014,NTD_8,0.0
VNM,2020,NTD_8,0.0
GTM,2020,NTD_8,0.0
VUT,2022,NTD_8,7139.0
IRQ,2018,NTD_8,0.0
MRT,2012,NTD_8,
BRA,2008,NTD_8,40000.0
MAR,2016,NTD_8,0.0
NRU,2010,NTD_8,
VNM,2014,NTD_8,0.0
IND,2022,NTD_8,0.0
IRN,2011,NTD_8,
GNB,2017,NTD_8,347855.0
LAO,2010,NTD_8,5000.0
KIR,2016,NTD_8,4.0
NER,2024,NTD_8,0.0
GHA,2018,NTD_8,0.0
ERI,2010,NTD_8,77933.0
BFA,2007,NTD_8,1053174.0
KHM,2015,NTD_8,0.0
VUT,2018,NTD_8,0.0
GNB,2022,NTD_8,0.0
NRU,2015,NTD_8,
NER,2013,NTD_8,
LBY,2021,NTD_8,
MRT,2023,NTD_8,0.0
TZA,2013,NTD_8,5900635.0
CHN,2023,NTD_8,0.0
KIR,2024,NTD_8,3817.0
OMN,2007,NTD_8,
GTM,2014,NTD_8,0.0
BDI,2023,NTD_8,0.0
COD,2011,NTD_8,
BRA,2017,NTD_8,32150.0
GIN,2018,NTD_8,1251433.0
BDI,2012,NTD_8,161884.0
KHM,2017,NTD_8,0.0
ZMB,2014,NTD_8,675582.0
MRT,2024,NTD_8,0.0
CIV,2020,NTD_8,1979599.0
CMR,2017,NTD_8,0.0
TCD,2007,NTD_8,
ETH,2017,NTD_8,49870966.0
BDI,2019,NTD_8,179073.0
OMN,2020,NTD_8,1.0
MLI,2016,NTD_8,43501.0
TZA,2011,NTD_8,1385403.0
NRU,2016,NTD_8,
PAK,2006,NTD_8,282024.0
BWA,2017,NTD_8,
PNG,2005,NTD_8,
AFG,2024,NTD_8,0.0
KIR,2017,NTD_8,87402.0
GIN,2005,NTD_8,0.0
CHN,2019,NTD_8,
BFA,2021,NTD_8,0.0
GNB,2021,NTD_8,96.0
ERI,2014,NTD_8,46917.0
KEN,2006,NTD_8,
ERI,2005,NTD_8,
MMR,2015,NTD_8,
EGY,2016,NTD_8,0.0
TUN,2023,NTD_8,
VNM,2007,NTD_8,
ZWE,2009,NTD_8,
BWA,2006,NTD_8,
TCD,2020,NTD_8,0.0
MMR,2024,NTD_8,0.0
KIR,2010,NTD_8,
TZA,2006,NTD_8,2107765.0
GMB,2010,NTD_8,49594.0
NGA,2023,NTD_8,1764665.0
GNB,2012,NTD_8,400000.0
NPL,2019,NTD_8,0.0
GMB,2018,NTD_8,13.0
CMR,2015,NTD_8,
PNG,2020,NTD_8,
BWA,2011,NTD_8,
SOM,2014,NTD_8,0.0
IRN,2015,NTD_8,0.0
BEN,2022,NTD_8,0.0
LAO,2011,NTD_8,0.0
CHN,2008,NTD_8,
MEX,2014,NTD_8,376.0
MAR,2024,NTD_8,0.0
VUT,2019,NTD_8,0.0
SSD,2016,NTD_8,175088.0
IND,2023,NTD_8,0.0
KIR,2019,NTD_8,551.0
GTM,2009,NTD_8,
COD,2019,NTD_8,7137971.0
KEN,2019,NTD_8,1486130.0
DZA,2018,NTD_8,1425.0
BRA,2011,NTD_8,0.0
MRT,2021,NTD_8,0.0
LAO,2021,NTD_8,0.0
VUT,2014,NTD_8,0.0
SEN,2015,NTD_8,1572893.0
TZA,2012,NTD_8,4439073.0
KHM,2013,NTD_8,
SDN,2019,NTD_8,1984935.0
MMR,2010,NTD_8,18715.0
BRA,2007,NTD_8,90000.0
FJI,2010,NTD_8,
GHA,2012,NTD_8,4990.0
CIV,2016,NTD_8,667318.0
UGA,2019,NTD_8,0.0
ZMB,2016,NTD_8,2017176.0
IND,2015,NTD_8,
KEN,2021,NTD_8,1736110.0
GMB,2006,NTD_8,401397.0
MAR,2011,NTD_8,
CAF,2007,NTD_8,
CHN,2018,NTD_8,0.0
VNM,2023,NTD_8,0.0
MRT,2016,NTD_8,0.0
GNB,2014,NTD_8,424580.0
NPL,2008,NTD_8,2148846.0
TGO,2012,NTD_8,
GNB,2018,NTD_8,157.0
ERI,2021,NTD_8,94025.0
MMR,2018,NTD_8,22657.0
KEN,2017,NTD_8,395962.0
AUS,2015,NTD_8,8550.0
IRN,2007,NTD_8,
NRU,2009,NTD_8,
MLI,2022,NTD_8,0.0
TCD,2014,NTD_8,204656.0
VEN,2019,NTD_8,196.0
MWI,2011,NTD_8,939110.0
NER,2011,NTD_8,4125116.0
ZMB,2015,NTD_8,1611875.0
ETH,2023,NTD_8,21567873.0
NGA,2016,NTD_8,7976993.0
CMR,2010,NTD_8,
MEX,2022,NTD_8,63.0
MLI,2014,NTD_8,0.0
DZA,2023,NTD_8,6766.0
SLB,2015,NTD_8,26635.0
GTM,2018,NTD_8,0.0
GIN,2017,NTD_8,3229420.0
CIV,2017,NTD_8,997442.0
KIR,2022,NTD_8,86384.0
KEN,2015,NTD_8,705245.0
IRQ,2007,NTD_8,
NGA,2009,NTD_8,15000.0
NAM,2015,NTD_8,
KIR,2014,NTD_8,0.0
ETH,2019,NTD_8,58906742.0
YEM,2014,NTD_8,0.0
MOZ,2015,NTD_8,2736805.0
MOZ,2017,NTD_8,0.0
FJI,2007,NTD_8,
MOZ,2008,NTD_8,
GHA,2013,NTD_8,
TZA,2023,NTD_8,1555092.0
BRA,2014,NTD_8,183868.0
MOZ,2016,NTD_8,2939906.0
GHA,2022,NTD_8,0.0
UGA,2017,NTD_8,485774.0
KEN,2007,NTD_8,800000.0
TZA,2009,NTD_8,3030544.0
NER,2010,NTD_8,3539260.0
NER,2016,NTD_8,2859785.0
PER,2021,NTD_8,0.0
SEN,2019,NTD_8,0.0
LBY,2016,NTD_8,
GNB,2010,NTD_8,303037.0
MEX,2017,NTD_8,0.0
BWA,2014,NTD_8,
VNM,2018,NTD_8,0.0
EGY,2013,NTD_8,
NGA,2012,NTD_8,3421248.0
LAO,2012,NTD_8,4000.0
UGA,2013,NTD_8,1805596.0
ERI,2013,NTD_8,370007.0
BRA,2006,NTD_8,
NRU,2022,NTD_8,
MEX,2005,NTD_8,
IRQ,2016,NTD_8,
VUT,2009,NTD_8,
BRA,2020,NTD_8,0.0
GMB,2016,NTD_8,106.0
PNG,2021,NTD_8,
MWI,2007,NTD_8,
PER,2016,NTD_8,0.0
UGA,2008,NTD_8,0.0
CAF,2014,NTD_8,0.0
BEN,2019,NTD_8,0.0
IND,2013,NTD_8,
BFA,2020,NTD_8,0.0
NAM,2017,NTD_8,
GIN,2008,NTD_8,0.0
ETH,2011,NTD_8,19604106.0
AGO,2021,NTD_8,0.0
PAK,2013,NTD_8,
KIR,2012,NTD_8,
UGA,2010,NTD_8,2970522.0
ZMB,2020,NTD_8,0.0
IRQ,2024,NTD_8,0.0
SLB,2017,NTD_8,0.0
TCD,2018,NTD_8,1979006.0
IRN,2008,NTD_8,
KEN,2012,NTD_8,1977781.0
ETH,2014,NTD_8,17858012.0
VNM,2010,NTD_8,
LBY,2010,NTD_8,
NAM,2018,NTD_8,
SLB,2021,NTD_8,
PAK,2024,NTD_8,0.0
OMN,2019,NTD_8,1.0
KIR,2018,NTD_8,91888.0
CMR,2022,NTD_8,183000.0
MMR,2008,NTD_8,47000.0
CAF,2018,NTD_8,672970.0
NAM,2012,NTD_8,
GHA,2007,NTD_8,899580.0
IRN,2013,NTD_8,
BDI,2016,NTD_8,0.0
COL,2013,NTD_8,14152.0
KHM,2023,NTD_8,0.0
NER,2017,NTD_8,2151297.0
TGO,2021,NTD_8,0.0
AUS,2005,NTD_8,
FJI,2017,NTD_8,0.0
UGA,2016,NTD_8,1181863.0
GHA,2005,NTD_8,796378.0
DZA,2021,NTD_8,
AGO,2017,NTD_8,72.0
CHN,2020,NTD_8,0.0
MOZ,2006,NTD_8,
YEM,2019,NTD_8,0.0
GHA,2016,NTD_8,0.0
NER,2022,NTD_8,1449846.0
PAK,2023,NTD_8,0.0
CAF,2021,NTD_8,1701830.0
NPL,2021,NTD_8,0.0
CAF,2020,NTD_8,550759.0
ERI,2011,NTD_8,547332.0
ERI,2006,NTD_8,
GMB,2019,NTD_8,0.0
CHN,2013,NTD_8,
NAM,2008,NTD_8,
BDI,2006,NTD_8,
IND,2018,NTD_8,
LAO,2007,NTD_8,5000.0
BRA,2024,NTD_8,677.0
SOM,2013,NTD_8,
AGO,2014,NTD_8,99.0
YEM,2017,NTD_8,0.0
LBY,2017,NTD_8,
MMR,2020,NTD_8,
ZMB,2011,NTD_8,139.0
GIN,2022,NTD_8,0.0
MRT,2006,NTD_8,523780.0
TZA,2007,NTD_8,6380163.0
COD,2005,NTD_8,
TZA,2020,NTD_8,0.0
AUS,2019,NTD_8,4696.0
MRT,2005,NTD_8,471948.0
NPL,2017,NTD_8,0.0
PER,2013,NTD_8,
IRN,2016,NTD_8,0.0
CAF,2019,NTD_8,1078744.0
SOM,2005,NTD_8,
LAO,2020,NTD_8,
VNM,2009,NTD_8,
GIN,2009,NTD_8,0.0
ETH,2008,NTD_8,14832830.0
BRA,2016,NTD_8,285018.0
BRA,2010,NTD_8,50000.0
ZMB,2022,NTD_8,576606.0
IND,2006,NTD_8,
YEM,2005,NTD_8,
MOZ,2009,NTD_8,
YEM,2010,NTD_8,0.0
BWA,2007,NTD_8,
MWI,2023,NTD_8,0.0
KHM,2022,NTD_8,0.0
SEN,2018,NTD_8,0.0
VUT,2008,NTD_8,
KHM,2010,NTD_8,12000.0
MEX,2018,NTD_8,96.0
BEN,2016,NTD_8,424989.0
PAK,2011,NTD_8,
YEM,2007,NTD_8,0.0
MWI,2024,NTD_8,0.0
FJI,2016,NTD_8,0.0
MMR,2005,NTD_8,
SDN,2024,NTD_8,0.0
NPL,2024,NTD_8,0.0
KIR,2008,NTD_8,
VEN,2023,NTD_8,
LBY,2023,NTD_8,
IND,2009,NTD_8,
BFA,2009,NTD_8,3405260.0
TGO,2015,NTD_8,0.0
BEN,2011,NTD_8,
DZA,2011,NTD_8,
GIN,2020,NTD_8,213116.0
SLB,2009,NTD_8,
DZA,2007,NTD_8,
GMB,2020,NTD_8,0.0
TUN,2024,NTD_8,
MRT,2020,NTD_8,0.0
MLI,2006,NTD_8,3935247.0
AGO,2010,NTD_8,49.0
NAM,2021,NTD_8,
IND,2007,NTD_8,
NER,2007,NTD_8,6050896.0
CIV,2013,NTD_8,
COD,2020,NTD_8,1851734.0
ETH,2013,NTD_8,23727842.0
SEN,2013,NTD_8,831993.0
LAO,2015,NTD_8,0.0
FSM,2023,NTD_8,
ZWE,2012,NTD_8,
AFG,2017,NTD_8,
LBY,2022,NTD_8,0.0
SDN,2014,NTD_8,992255.0
AUS,2006,NTD_8,
GNB,2008,NTD_8,0.0
LBY,2012,NTD_8,
GNB,2011,NTD_8,443377.0
LAO,2013,NTD_8,
BDI,2013,NTD_8,
BWA,2020,NTD_8,0.0
CMR,2023,NTD_8,117261.0
GTM,2015,NTD_8,0.0
BRA,2021,NTD_8,224.0
BFA,2018,NTD_8,0.0
BWA,2010,NTD_8,
SLB,2014,NTD_8,169325.0
ERI,2020,NTD_8,90240.0
AFG,2023,NTD_8,0.0
ZWE,2016,NTD_8,115503.0
GHA,2024,NTD_8,0.0
MLI,2018,NTD_8,0.0
CIV,2022,NTD_8,966932.0
GTM,2021,NTD_8,0.0
NPL,2009,NTD_8,3240487.0
VNM,2024,NTD_8,
OMN,2014,NTD_8,31.0
VEN,2021,NTD_8,
GHA,2017,NTD_8,0.0
VNM,2021,NTD_8,0.0
GMB,2005,NTD_8,18402.0
TCD,2017,NTD_8,4451654.0
GHA,2008,NTD_8,147122.0
VNM,2015,NTD_8,0.0
TGO,2011,NTD_8,
MWI,2009,NTD_8,0.0
FJI,2018,NTD_8,0.0
MMR,2009,NTD_8,11210.0
MEX,2008,NTD_8,
CIV,2014,NTD_8,0.0
MMR,2013,NTD_8,
GIN,2010,NTD_8,0.0
BEN,2018,NTD_8,470696.0
CMR,2009,NTD_8,110000.0
ZMB,2008,NTD_8,
CMR,2014,NTD_8,1147878.0
AUS,2024,NTD_8,1674.0
IRN,2019,NTD_8,0.0
CIV,2015,NTD_8,0.0
UGA,2021,NTD_8,501990.0
SDN,2018,NTD_8,2122507.0
MEX,2007,NTD_8,
LAO,2014,NTD_8,203.0
CAF,2023,NTD_8,0.0
TZA,2015,NTD_8,258669.0
EGY,2006,NTD_8,
NRU,2012,NTD_8,
AGO,2024,NTD_8,0.0
KHM,2008,NTD_8,765.0
MAR,2006,NTD_8,15798.0
DZA,2006,NTD_8,
ERI,2009,NTD_8,0.0
KEN,2024,NTD_8,373223.0
BDI,2008,NTD_8,
ZMB,2012,NTD_8,1031826.0
IRQ,2023,NTD_8,0.0
GTM,2005,NTD_8,
NGA,2010,NTD_8,1100197.0
ZWE,2014,NTD_8,0.0
MEX,2016,NTD_8,0.0
CIV,2012,NTD_8,
TCD,2019,NTD_8,1973090.0
MWI,2014,NTD_8,2890926.0
SOM,2022,NTD_8,
KEN,2010,NTD_8,954864.0
DZA,2019,NTD_8,
CMR,2013,NTD_8,1418244.0
PER,2024,NTD_8,0.0
DZA,2009,NTD_8,
SEN,2014,NTD_8,1042773.0
FJI,2005,NTD_8,
BFA,2010,NTD_8,2893060.0
BRA,2013,NTD_8,140205.0
KIR,2005,NTD_8,
AFG,2008,NTD_8,5330.0
VEN,2020,NTD_8,0.0
FSM,2024,NTD_8,
PAK,2007,NTD_8,449585.0
NPL,2012,NTD_8,1171578.0
SEN,2006,NTD_8,674219.0
MAR,2022,NTD_8,0.0
NAM,2024,NTD_8,
IRQ,2017,NTD_8,0.0
VUT,2007,NTD_8,
VEN,2024,NTD_8,
ZWE,2007,NTD_8,
TGO,2023,NTD_8,0.0
TGO,2014,NTD_8,0.0
PAK,2019,NTD_8,0.0
BWA,2012,NTD_8,
OMN,2018,NTD_8,11.0
SSD,2023,NTD_8,1144978.0
VEN,2022,NTD_8,
CMR,2011,NTD_8,732063.0
VEN,2015,NTD_8,
GMB,2014,NTD_8,516.0
PNG,2011,NTD_8,
GNB,2020,NTD_8,23254.0
VUT,2015,NTD_8,0.0
FSM,2020,NTD_8,
BEN,2010,NTD_8,
ZMB,2006,NTD_8,
NER,2014,NTD_8,6935625.0
PAK,2008,NTD_8,
SAU,2024,NTD_8,
TGO,2016,NTD_8,0.0
OMN,2005,NTD_8,528.0
VNM,2019,NTD_8,128636.0
TGO,2020,NTD_8,0.0
MOZ,2021,NTD_8,785586.0
UGA,2011,NTD_8,5077371.0
SOM,2012,NTD_8,
PAK,2010,NTD_8,
SOM,2015,NTD_8,0.0
SSD,2013,NTD_8,
VUT,2011,NTD_8,
MMR,2022,NTD_8,0.0
LAO,2019,NTD_8,0.0
AUS,2018,NTD_8,6459.0
AUS,2013,NTD_8,
MAR,2021,NTD_8,0.0
VNM,2011,NTD_8,
VNM,2013,NTD_8,
KEN,2020,NTD_8,965136.0
BEN,2007,NTD_8,
BEN,2006,NTD_8,
NPL,2018,NTD_8,0.0
PNG,2009,NTD_8,
CHN,2010,NTD_8,
YEM,2023,NTD_8,895241.0
NRU,2006,NTD_8,
AUS,2022,NTD_8,882.0
AGO,2015,NTD_8,157.0
BEN,2013,NTD_8,
GTM,2010,NTD_8,
IRQ,2013,NTD_8,
EGY,2022,NTD_8,0.0
BFA,2011,NTD_8,4699418.0
CMR,2007,NTD_8,
AGO,2023,NTD_8,0.0
FSM,2019,NTD_8,
IRN,2009,NTD_8,
PAK,2018,NTD_8,0.0
ERI,2023,NTD_8,0.0
PER,2018,NTD_8,0.0
ETH,2005,NTD_8,2618488.0
CHN,2024,NTD_8,0.0
LBY,2019,NTD_8,0.0
FJI,2023,NTD_8,0.0
DZA,2015,NTD_8,
NRU,2019,NTD_8,0.0
KEN,2014,NTD_8,1875527.0
SDN,2006,NTD_8,45000.0
PNG,2007,NTD_8,
COD,2017,NTD_8,1027046.0
GMB,2015,NTD_8,429.0
SAU,2022,NTD_8,
KIR,2015,NTD_8,
CHN,2005,NTD_8,
AGO,2012,NTD_8,197.0
SEN,2008,NTD_8,254330.0
COD,2013,NTD_8,
SDN,2007,NTD_8,236200.0
CAF,2015,NTD_8,128647.0
CIV,2010,NTD_8,0.0
NER,2020,NTD_8,1456968.0
SOM,2018,NTD_8,
BWA,2008,NTD_8,
COL,2024,NTD_8,32258.0
SDN,2008,NTD_8,729642.0
GTM,2022,NTD_8,0.0
SSD,2024,NTD_8,1480438.0
MOZ,2014,NTD_8,1471025.0
OMN,2016,NTD_8,0.0
BFA,2008,NTD_8,966404.0
SDN,2015,NTD_8,1575932.0
BFA,2017,NTD_8,0.0
CHN,2011,NTD_8,
CIV,2018,NTD_8,0.0
KHM,2012,NTD_8,25000.0
CIV,2008,NTD_8,
KHM,2005,NTD_8,6000.0
NER,2021,NTD_8,1468279.0
KHM,2009,NTD_8,10000.0
KIR,2011,NTD_8,
NAM,2011,NTD_8,
PNG,2015,NTD_8,0.0
IND,2010,NTD_8,13798.0
FSM,2022,NTD_8,
MWI,2006,NTD_8,
PAK,2012,NTD_8,
IRQ,2022,NTD_8,0.0
LAO,2017,NTD_8,0.0
IRN,2018,NTD_8,0.0
BDI,2018,NTD_8,0.0
SDN,2013,NTD_8,212949.0
PAK,2020,NTD_8,0.0
NRU,2011,NTD_8,
GTM,2007,NTD_8,
GMB,2008,NTD_8,151135.0
ETH,2009,NTD_8,15695222.0
TCD,2010,NTD_8,
TZA,2024,NTD_8,1639620.0
SOM,2024,NTD_8,0.0
BFA,2014,NTD_8,1093486.0
ZMB,2013,NTD_8,825658.0
COL,2020,NTD_8,
COD,2006,NTD_8,
TGO,2019,NTD_8,0.0
CMR,2019,NTD_8,0.0
COL,2014,NTD_8,13813.0
AFG,2018,NTD_8,3430.0
MRT,2019,NTD_8,0.0
COD,2021,NTD_8,3047826.0
GMB,2007,NTD_8,143658.0
COD,2022,NTD_8,1924566.0
ERI,2024,NTD_8,0.0
NRU,2008,NTD_8,
COL,2023,NTD_8,28948.0
LAO,2009,NTD_8,
ZWE,2021,NTD_8,646277.0
YEM,2011,NTD_8,
VEN,2013,NTD_8,
MLI,2009,NTD_8,6416637.0
MEX,2013,NTD_8,475.0
LBY,2011,NTD_8,
PNG,2013,NTD_8,
IRQ,2011,NTD_8,
YEM,2022,NTD_8,126057.0
SSD,2012,NTD_8,323708.0
AUS,2020,NTD_8,3752.0
DZA,2012,NTD_8,
DZA,2008,NTD_8,
BRA,2019,NTD_8,224.0
AGO,2013,NTD_8,63.0
SOM,2006,NTD_8,
BWA,2005,NTD_8,
FJI,2013,NTD_8,
KEN,2016,NTD_8,1052035.0
BDI,2020,NTD_8,0.0
ZWE,2005,NTD_8,
MAR,2005,NTD_8,12175.0
SLB,2019,NTD_8,
DZA,2022,NTD_8,0.0
GHA,2021,NTD_8,0.0
SEN,2022,NTD_8,0.0
ZWE,2006,NTD_8,
NGA,2014,NTD_8,4554138.0
CHN,2022,NTD_8,0.0
COD,2024,NTD_8,831427.0
VUT,2012,NTD_8,
ZWE,2010,NTD_8,
BRA,2012,NTD_8,20000.0
NAM,2016,NTD_8,
ZWE,2022,NTD_8,884935.0
KEN,2013,NTD_8,1352084.0
PNG,2019,NTD_8,
GNB,2006,NTD_8,
UGA,2024,NTD_8,193625.0
GIN,2011,NTD_8,0.0
GTM,2024,NTD_8,0.0
BFA,2019,NTD_8,0.0
BFA,2012,NTD_8,2498155.0
TZA,2014,NTD_8,5219992.0
SDN,2023,NTD_8,0.0
MWI,2015,NTD_8,5739369.0
BFA,2013,NTD_8,2423890.0
GNB,2015,NTD_8,631948.0
EGY,2018,NTD_8,0.0
MRT,2009,NTD_8,20504.0
MOZ,2024,NTD_8,373159.0
ZWE,2018,NTD_8,398493.0
PAK,2022,NTD_8,0.0
GMB,2024,NTD_8,0.0
OMN,2017,NTD_8,0.0
GTM,2016,NTD_8,5.0
BRA,2022,NTD_8,
MWI,2005,NTD_8,
IRN,2021,NTD_8,0.0
NAM,2014,NTD_8,
BFA,2006,NTD_8,
AFG,2007,NTD_8,8282.0
CHN,2012,NTD_8,
SDN,2012,NTD_8,335791.0
MRT,2015,NTD_8,61063.0
NRU,2018,NTD_8,29.0
FJI,2019,NTD_8,0.0
AFG,2019,NTD_8,5771.0
YEM,2009,NTD_8,0.0
CMR,2020,NTD_8,0.0
GMB,2013,NTD_8,
VUT,2005,NTD_8,
COL,2022,NTD_8,8376.0
AFG,2022,NTD_8,0.0
CHN,2009,NTD_8,
SSD,2011,NTD_8,319641.0
GHA,2009,NTD_8,
SEN,2016,NTD_8,412702.0
GNB,2005,NTD_8,
MMR,2019,NTD_8,14.0
CIV,2011,NTD_8,
COD,2023,NTD_8,1125267.0
MAR,2015,NTD_8,14.0
KHM,2007,NTD_8,9000.0
ETH,2015,NTD_8,32624948.0
PAK,2021,NTD_8,
EGY,2014,NTD_8,1033.0
KHM,2020,NTD_8,0.0
SOM,2009,NTD_8,
GNB,2024,NTD_8,9.0
KIR,2023,NTD_8,8972.0
GNB,2023,NTD_8,168.0
NGA,2013,NTD_8,5383105.0
SEN,2012,NTD_8,413449.0
NGA,2022,NTD_8,2913819.0
MAR,2020,NTD_8,0.0
BEN,2009,NTD_8,
AFG,2015,NTD_8,0.0
MRT,2013,NTD_8,
AFG,2020,NTD_8,0.0
MWI,2012,NTD_8,906132.0
GMB,2021,NTD_8,0.0
AUS,2016,NTD_8,11369.0
IND,2021,NTD_8,1148.0
UGA,2005,NTD_8,0.0
CAF,2009,NTD_8,45500.0
ZMB,2017,NTD_8,2795580.0
NGA,2017,NTD_8,6034667.0
MOZ,2007,NTD_8,
CIV,2006,NTD_8,
IND,2024,NTD_8,0.0
IND,2008,NTD_8,
NPL,2015,NTD_8,0.0
BEN,2017,NTD_8,1083924.0
PNG,2006,NTD_8,
SSD,2021,NTD_8,737816.0
LBY,2009,NTD_8,
YEM,2018,NTD_8,361675.0
EGY,2019,NTD_8,285256.0
AUS,2021,NTD_8,1817.0
KHM,2019,NTD_8,0.0
SEN,2021,NTD_8,0.0
KEN,2011,NTD_8,1201816.0
COD,2008,NTD_8,
NRU,2013,NTD_8,
ZWE,2019,NTD_8,1290643.0
VUT,2013,NTD_8,
CIV,2021,NTD_8,3881055.0
MRT,2011,NTD_8,5312.0
SEN,2011,NTD_8,244894.0
OMN,2022,NTD_8,0.0
FJI,2014,NTD_8,0.0
MMR,2017,NTD_8,0.0
CMR,2005,NTD_8,
MEX,2012,NTD_8,
ERI,2022,NTD_8,0.0
IRQ,2005,NTD_8,
KEN,2008,NTD_8,826015.0
ZMB,2019,NTD_8,928161.0
OMN,2015,NTD_8,19.0
IRN,2006,NTD_8,
TGO,2009,NTD_8,
COD,2007,NTD_8,
FSM,2021,NTD_8,
CAF,2024,NTD_8,2288013.0
NRU,2017,NTD_8,
PAK,2016,NTD_8,0.0
AFG,2011,NTD_8,
GHA,2014,NTD_8,992.0
GNB,2019,NTD_8,
UGA,2022,NTD_8,494310.0
GMB,2017,NTD_8,74.0
KEN,2023,NTD_8,889429.0
IRQ,2009,NTD_8,
COL,2018,NTD_8,22562.0
BWA,2024,NTD_8,0.0
TGO,2022,NTD_8,0.0
KIR,2006,NTD_8,
IRN,2014,NTD_8,0.0
MAR,2010,NTD_8,
PNG,2008,NTD_8,
NGA,2006,NTD_8,
SSD,2017,NTD_8,104217.0
SSD,2020,NTD_8,351823.0
NER,2005,NTD_8,2229980.0
SOM,2007,NTD_8,
NER,2006,NTD_8,2003150.0
VUT,2021,NTD_8,
TGO,2007,NTD_8,
MWI,2016,NTD_8,3161622.0
ERI,2012,NTD_8,
COD,2014,NTD_8,0.0
COL,2015,NTD_8,13348.0
KEN,2022,NTD_8,1449668.0
YEM,2012,NTD_8,
YEM,2008,NTD_8,0.0
FJI,2021,NTD_8,
VUT,2023,NTD_8,0.0
IRQ,2012,NTD_8,
UGA,2007,NTD_8,682786.0
VEN,2014,NTD_8,
DZA,2013,NTD_8,
PNG,2018,NTD_8,0.0
GHA,2019,NTD_8,0.0
YEM,2021,NTD_8,869442.0
NPL,2007,NTD_8,944356.0
TCD,2006,NTD_8,
TCD,2015,NTD_8,3815042.0
VEN,2017,NTD_8,
MWI,2020,NTD_8,0.0
MWI,2008,NTD_8,
FJI,2006,NTD_8,
AUS,2011,NTD_8,
KHM,2016,NTD_8,0.0
SLB,2006,NTD_8,
SAU,2021,NTD_8,
LAO,2024,NTD_8,0.0
EGY,2009,NTD_8,
MMR,2006,NTD_8,
ETH,2006,NTD_8,2600000.0
LBY,2020,NTD_8,
CAF,2022,NTD_8,1087082.0
VNM,2006,NTD_8,117000.0
IRN,2022,NTD_8,0.0
BFA,2015,NTD_8,1157426.0
TCD,2012,NTD_8,
SDN,2011,NTD_8,396781.0
BWA,2018,NTD_8,
TCD,2005,NTD_8,
MMR,2021,NTD_8,525.0
SLB,2011,NTD_8,
LBY,2024,NTD_8,0.0
CAF,2012,NTD_8,3221.0
TCD,2022,NTD_8,395195.0
YEM,2020,NTD_8,0.0
SEN,2020,NTD_8,0.0
MLI,2017,NTD_8,0.0
CHN,2017,NTD_8,0.0
BFA,2022,NTD_8,0.0
SOM,2010,NTD_8,
SSD,2022,NTD_8,1308886.0
ERI,2018,NTD_8,0.0
UGA,2020,NTD_8,400120.0
ERI,2017,NTD_8,743984.0
BWA,2009,NTD_8,
NAM,2023,NTD_8,
MLI,2024,NTD_8,0.0
MLI,2015,NTD_8,0.0
BEN,2015,NTD_8,0.0
KHM,2006,NTD_8,
IRQ,2014,NTD_8,0.0
OMN,2023,NTD_8,0.0
GIN,2006,NTD_8,0.0
COD,2012,NTD_8,
NGA,2018,NTD_8,11329581.0
FJI,2020,NTD_8,
MMR,2007,NTD_8,50000.0
AGO,2022,NTD_8,0.0
PAK,2009,NTD_8,
TCD,2008,NTD_8,
SOM,2019,NTD_8,0.0
NGA,2015,NTD_8,44026.0
SEN,2023,NTD_8,0.0
CMR,2018,NTD_8,0.0
CIV,2005,NTD_8,
GHA,2023,NTD_8,0.0
MWI,2019,NTD_8,0.0
PNG,2016,NTD_8,0.0
OMN,2010,NTD_8,
FJI,2022,NTD_8,
GMB,2009,NTD_8,111969.0
GIN,2012,NTD_8,529000.0
TCD,2021,NTD_8,
BWA,2015,NTD_8,
VNM,2012,NTD_8,
TGO,2018,NTD_8,0.0
MEX,2009,NTD_8,
NPL,2023,NTD_8,0.0
SOM,2008,NTD_8,
MOZ,2010,NTD_8,
CHN,2021,NTD_8,0.0
SSD,2019,NTD_8,340807.0
ZWE,2024,NTD_8,207221.0
TUN,2021,NTD_8,
NER,2009,NTD_8,7526076.0
MMR,2014,NTD_8,
CIV,2019,NTD_8,2250428.0
AFG,2010,NTD_8,0.0
LBY,2005,NTD_8,
ZMB,2018,NTD_8,1138230.0
EGY,2007,NTD_8,
GHA,2010,NTD_8,
MRT,2007,NTD_8,476867.0
CMR,2024,NTD_8,0.0
AUS,2014,NTD_8,9785.0
FJI,2011,NTD_8,
BDI,2005,NTD_8,
IRQ,2019,NTD_8,
BEN,2024,NTD_8,0.0
SLB,2008,NTD_8,
MRT,2017,NTD_8,0.0
BDI,2017,NTD_8,0.0
NAM,2009,NTD_8,
GNB,2007,NTD_8,
BDI,2009,NTD_8,875.0
MOZ,2013,NTD_8,448324.0
CAF,2017,NTD_8,823749.0
ERI,2019,NTD_8,91262.0
LAO,2006,NTD_8,5000.0
MOZ,2018,NTD_8,967431.0
FJI,2008,NTD_8,
KEN,2009,NTD_8,798261.0
IRN,2023,NTD_8,0.0
SOM,2016,NTD_8,
MLI,2011,NTD_8,961522.0
PER,2015,NTD_8,
LBY,2007,NTD_8,
GMB,2023,NTD_8,0.0
AUS,2017,NTD_8,9202.0
VNM,2005,NTD_8,12000.0
LBY,2013,NTD_8,
IRN,2020,NTD_8,0.0
MRT,2022,NTD_8,0.0
PER,2022,NTD_8,0.0
IND,2012,NTD_8,
IND,2005,NTD_8,
MAR,2018,NTD_8,0.0
ETH,2018,NTD_8,62658840.0
MWI,2018,NTD_8,0.0
SDN,2009,NTD_8,685192.0
MMR,2011,NTD_8,
GTM,2017,NTD_8,521.0
MOZ,2012,NTD_8,
NGA,2020,NTD_8,4212880.0
IRN,2005,NTD_8,
MEX,2021,NTD_8,2.0
VUT,2024,NTD_8,0.0
ZMB,2007,NTD_8,
UGA,2014,NTD_8,2743081.0
DZA,2014,NTD_8,
TZA,2018,NTD_8,1462100.0
LAO,2023,NTD_8,0.0
BDI,2010,NTD_8,875.0
DZA,2024,NTD_8,
SLB,2022,NTD_8,0.0
ZMB,2023,NTD_8,0.0
CIV,2009,NTD_8,
MAR,2023,NTD_8,0.0
ZWE,2008,NTD_8,
IRQ,2021,NTD_TRA5,
AFG,2014,NTD_TRA5,41.0
CMR,2017,NTD_TRA5,802.0
KEN,2014,NTD_TRA5,8073.0
ERI,2019,NTD_TRA5,1953.0
EGY,2021,NTD_TRA5,0.0
ERI,2017,NTD_TRA5,1594.0
YEM,2024,NTD_TRA5,0.0
BRA,2019,NTD_TRA5,0.0
NRU,2017,NTD_TRA5,
BDI,2019,NTD_TRA5,0.0
MLI,2023,NTD_TRA5,339.0
IRQ,2014,NTD_TRA5,73.0
VUT,2017,NTD_TRA5,0.0
DZA,2022,NTD_TRA5,0.0
VEN,2020,NTD_TRA5,0.0
COL,2017,NTD_TRA5,4.0
GNB,2021,NTD_TRA5,96.0
LAO,2024,NTD_TRA5,3.0
GTM,2023,NTD_TRA5,0.0
BWA,2015,NTD_TRA5,
SSD,2023,NTD_TRA5,3691.0
NAM,2019,NTD_TRA5,0.0
NER,2024,NTD_TRA5,1905.0
KHM,2024,NTD_TRA5,91.0
FJI,2019,NTD_TRA5,0.0
DZA,2020,NTD_TRA5,
AFG,2020,NTD_TRA5,0.0
MOZ,2018,NTD_TRA5,1303.0
ZMB,2017,NTD_TRA5,596.0
AGO,2022,NTD_TRA5,0.0
VEN,2022,NTD_TRA5,
TCD,2022,NTD_TRA5,139.0
CMR,2023,NTD_TRA5,321.0
COD,2014,NTD_TRA5,0.0
AGO,2023,NTD_TRA5,0.0
MEX,2015,NTD_TRA5,0.0
CHN,2014,NTD_TRA5,1074.0
MLI,2014,NTD_TRA5,4493.0
PER,2014,NTD_TRA5,
SOM,2021,NTD_TRA5,
ZMB,2024,NTD_TRA5,340.0
CAF,2024,NTD_TRA5,0.0
BRA,2014,NTD_TRA5,1126.0
GHA,2023,NTD_TRA5,19.0
MWI,2021,NTD_TRA5,123.0
CIV,2017,NTD_TRA5,14.0
IRQ,2023,NTD_TRA5,0.0
BWA,2021,NTD_TRA5,
TZA,2015,NTD_TRA5,2640.0
CHN,2021,NTD_TRA5,0.0
TUN,2021,NTD_TRA5,
GHA,2021,NTD_TRA5,23.0
LBY,2014,NTD_TRA5,
ETH,2014,NTD_TRA5,65658.0
COD,2024,NTD_TRA5,0.0
GNB,2014,NTD_TRA5,1590.0
BRA,2016,NTD_TRA5,1131.0
PER,2020,NTD_TRA5,0.0
COL,2014,NTD_TRA5,24.0
SDN,2024,NTD_TRA5,28.0
LBY,2018,NTD_TRA5,
UGA,2017,NTD_TRA5,2105.0
VEN,2023,NTD_TRA5,
MLI,2018,NTD_TRA5,1648.0
NPL,2016,NTD_TRA5,507.0
IND,2019,NTD_TRA5,918.0
DZA,2014,NTD_TRA5,
SLB,2014,NTD_TRA5,7.0
VNM,2019,NTD_TRA5,40.0
LBY,2019,NTD_TRA5,0.0
GNB,2024,NTD_TRA5,67.0
SSD,2024,NTD_TRA5,5128.0
GTM,2024,NTD_TRA5,13.0
TCD,2014,NTD_TRA5,637.0
TUN,2024,NTD_TRA5,
IND,2021,NTD_TRA5,347.0
COD,2022,NTD_TRA5,192.0
MRT,2015,NTD_TRA5,20.0
MMR,2016,NTD_TRA5,
NGA,2020,NTD_TRA5,8212.0
BEN,2015,NTD_TRA5,0.0
KIR,2019,NTD_TRA5,27.0
ZMB,2019,NTD_TRA5,489.0
KHM,2019,NTD_TRA5,203.0
GIN,2014,NTD_TRA5,683.0
PNG,2022,NTD_TRA5,
OMN,2022,NTD_TRA5,0.0
YEM,2014,NTD_TRA5,0.0
VNM,2016,NTD_TRA5,0.0
SEN,2015,NTD_TRA5,1797.0
MWI,2020,NTD_TRA5,52.0
YEM,2019,NTD_TRA5,0.0
CHN,2023,NTD_TRA5,0.0
NAM,2015,NTD_TRA5,
AFG,2017,NTD_TRA5,
TUN,2023,NTD_TRA5,
IRN,2015,NTD_TRA5,0.0
MRT,2018,NTD_TRA5,59.0
COL,2022,NTD_TRA5,0.0
PNG,2018,NTD_TRA5,0.0
NER,2018,NTD_TRA5,6540.0
DZA,2016,NTD_TRA5,
BRA,2020,NTD_TRA5,0.0
MMR,2024,NTD_TRA5,245.0
KEN,2019,NTD_TRA5,827.0
SLB,2023,NTD_TRA5,11.0
TCD,2023,NTD_TRA5,401.0
IRN,2023,NTD_TRA5,813.0
ETH,2023,NTD_TRA5,98210.0
TUN,2022,NTD_TRA5,
MWI,2022,NTD_TRA5,336.0
TGO,2017,NTD_TRA5,31.0
KHM,2022,NTD_TRA5,67.0
GNB,2020,NTD_TRA5,23.0
GNB,2015,NTD_TRA5,755.0
GIN,2019,NTD_TRA5,733.0
KIR,2016,NTD_TRA5,0.0
TGO,2018,NTD_TRA5,5.0
BEN,2016,NTD_TRA5,0.0
CMR,2022,NTD_TRA5,72.0
SAU,2021,NTD_TRA5,
PER,2023,NTD_TRA5,0.0
GMB,2014,NTD_TRA5,323.0
TGO,2015,NTD_TRA5,53.0
GTM,2017,NTD_TRA5,2.0
MEX,2022,NTD_TRA5,4.0
SOM,2015,NTD_TRA5,0.0
SAU,2022,NTD_TRA5,
AGO,2016,NTD_TRA5,12.0
KEN,2015,NTD_TRA5,9553.0
PAK,2016,NTD_TRA5,10362.0
NAM,2017,NTD_TRA5,
BFA,2018,NTD_TRA5,733.0
BWA,2016,NTD_TRA5,0.0
KEN,2022,NTD_TRA5,179.0
GIN,2023,NTD_TRA5,281.0
ZWE,2016,NTD_TRA5,0.0
NRU,2023,NTD_TRA5,0.0
AUS,2019,NTD_TRA5,6.0
KIR,2014,NTD_TRA5,2.0
CIV,2020,NTD_TRA5,5.0
TCD,2020,NTD_TRA5,230.0
KIR,2018,NTD_TRA5,12.0
TZA,2022,NTD_TRA5,3998.0
SEN,2024,NTD_TRA5,2904.0
GNB,2018,NTD_TRA5,357.0
TCD,2021,NTD_TRA5,
SOM,2023,NTD_TRA5,
AGO,2020,NTD_TRA5,
BFA,2021,NTD_TRA5,348.0
ZMB,2018,NTD_TRA5,1134.0
CIV,2021,NTD_TRA5,9.0
AUS,2020,NTD_TRA5,2.0
NRU,2015,NTD_TRA5,
CHN,2022,NTD_TRA5,0.0
AGO,2015,NTD_TRA5,16.0
MOZ,2021,NTD_TRA5,235.0
SLB,2020,NTD_TRA5,
MRT,2014,NTD_TRA5,18.0
TGO,2019,NTD_TRA5,10.0
VUT,2022,NTD_TRA5,0.0
TZA,2016,NTD_TRA5,3897.0
BFA,2015,NTD_TRA5,258.0
GIN,2016,NTD_TRA5,1580.0
VNM,2017,NTD_TRA5,0.0
ZMB,2021,NTD_TRA5,0.0
VEN,2019,NTD_TRA5,0.0
MWI,2016,NTD_TRA5,1811.0
NER,2022,NTD_TRA5,3917.0
FJI,2020,NTD_TRA5,
UGA,2021,NTD_TRA5,0.0
ZMB,2016,NTD_TRA5,1829.0
VNM,2015,NTD_TRA5,2731.0
SDN,2016,NTD_TRA5,1075.0
MLI,2017,NTD_TRA5,3313.0
OMN,2014,NTD_TRA5,0.0
DZA,2021,NTD_TRA5,
SSD,2020,NTD_TRA5,69.0
NPL,2018,NTD_TRA5,742.0
CAF,2021,NTD_TRA5,0.0
FSM,2024,NTD_TRA5,
MMR,2021,NTD_TRA5,46.0
NER,2015,NTD_TRA5,12280.0
MAR,2015,NTD_TRA5,108.0
AFG,2016,NTD_TRA5,0.0
MMR,2015,NTD_TRA5,
MAR,2024,NTD_TRA5,0.0
BRA,2024,NTD_TRA5,0.0
BEN,2014,NTD_TRA5,0.0
BDI,2021,NTD_TRA5,0.0
MLI,2024,NTD_TRA5,180.0
BFA,2023,NTD_TRA5,153.0
GMB,2021,NTD_TRA5,22.0
TGO,2024,NTD_TRA5,8.0
NER,2021,NTD_TRA5,142.0
YEM,2022,NTD_TRA5,0.0
AFG,2024,NTD_TRA5,0.0
VEN,2014,NTD_TRA5,
IND,2014,NTD_TRA5,
CHN,2016,NTD_TRA5,0.0
KIR,2017,NTD_TRA5,10.0
BDI,2015,NTD_TRA5,0.0
MRT,2016,NTD_TRA5,10.0
KHM,2023,NTD_TRA5,74.0
KEN,2017,NTD_TRA5,3032.0
TGO,2020,NTD_TRA5,10.0
FJI,2017,NTD_TRA5,0.0
LAO,2017,NTD_TRA5,0.0
MAR,2014,NTD_TRA5,127.0
BEN,2024,NTD_TRA5,0.0
VUT,2019,NTD_TRA5,0.0
IRN,2019,NTD_TRA5,0.0
NRU,2019,NTD_TRA5,0.0
KEN,2023,NTD_TRA5,526.0
IRQ,2022,NTD_TRA5,0.0
NAM,2023,NTD_TRA5,
FSM,2019,NTD_TRA5,
KHM,2014,NTD_TRA5,399.0
UGA,2020,NTD_TRA5,1362.0
ETH,2018,NTD_TRA5,90469.0
MLI,2016,NTD_TRA5,4444.0
SLB,2024,NTD_TRA5,0.0
SEN,2014,NTD_TRA5,1792.0
ETH,2024,NTD_TRA5,62004.0
NAM,2016,NTD_TRA5,
ZWE,2020,NTD_TRA5,346.0
SAU,2023,NTD_TRA5,
FJI,2018,NTD_TRA5,0.0
GNB,2023,NTD_TRA5,168.0
LAO,2014,NTD_TRA5,29.0
PNG,2017,NTD_TRA5,0.0
MEX,2017,NTD_TRA5,0.0
IRN,2016,NTD_TRA5,0.0
AGO,2019,NTD_TRA5,0.0
VEN,2016,NTD_TRA5,
ZMB,2020,NTD_TRA5,0.0
UGA,2023,NTD_TRA5,1199.0
EGY,2015,NTD_TRA5,0.0
GHA,2016,NTD_TRA5,107.0
CMR,2019,NTD_TRA5,292.0
CIV,2019,NTD_TRA5,0.0
BRA,2022,NTD_TRA5,
ERI,2016,NTD_TRA5,1105.0
PAK,2015,NTD_TRA5,987.0
KHM,2021,NTD_TRA5,74.0
MWI,2024,NTD_TRA5,217.0
IND,2024,NTD_TRA5,0.0
BWA,2014,NTD_TRA5,
TZA,2024,NTD_TRA5,3375.0
FSM,2022,NTD_TRA5,
BEN,2018,NTD_TRA5,0.0
GMB,2018,NTD_TRA5,77.0
LAO,2016,NTD_TRA5,6.0
NER,2019,NTD_TRA5,6360.0
VNM,2023,NTD_TRA5,3701.0
GHA,2015,NTD_TRA5,51.0
BDI,2014,NTD_TRA5,0.0
VNM,2018,NTD_TRA5,1825.0
IRN,2022,NTD_TRA5,880.0
MAR,2023,NTD_TRA5,0.0
CAF,2015,NTD_TRA5,49.0
FJI,2015,NTD_TRA5,0.0
UGA,2019,NTD_TRA5,0.0
BEN,2017,NTD_TRA5,0.0
KHM,2017,NTD_TRA5,265.0
ZWE,2019,NTD_TRA5,889.0
IND,2023,NTD_TRA5,2.0
SEN,2020,NTD_TRA5,933.0
YEM,2016,NTD_TRA5,0.0
ERI,2024,NTD_TRA5,1011.0
OMN,2024,NTD_TRA5,0.0
CIV,2023,NTD_TRA5,2.0
LAO,2023,NTD_TRA5,5.0
MEX,2016,NTD_TRA5,4.0
LBY,2020,NTD_TRA5,
COL,2016,NTD_TRA5,18.0
SEN,2023,NTD_TRA5,1503.0
ERI,2022,NTD_TRA5,913.0
CMR,2024,NTD_TRA5,0.0
BFA,2020,NTD_TRA5,120.0
NPL,2017,NTD_TRA5,967.0
LBY,2021,NTD_TRA5,
ZMB,2023,NTD_TRA5,482.0
GHA,2020,NTD_TRA5,33.0
BDI,2020,NTD_TRA5,0.0
AUS,2014,NTD_TRA5,16.0
TZA,2018,NTD_TRA5,3585.0
SLB,2021,NTD_TRA5,
FJI,2016,NTD_TRA5,0.0
YEM,2021,NTD_TRA5,0.0
GNB,2019,NTD_TRA5,
PNG,2019,NTD_TRA5,
PNG,2020,NTD_TRA5,
PNG,2014,NTD_TRA5,
ERI,2015,NTD_TRA5,1035.0
AGO,2017,NTD_TRA5,2.0
MAR,2016,NTD_TRA5,50.0
NPL,2020,NTD_TRA5,349.0
MWI,2017,NTD_TRA5,894.0
MLI,2019,NTD_TRA5,617.0
KEN,2020,NTD_TRA5,371.0
CHN,2024,NTD_TRA5,0.0
COL,2020,NTD_TRA5,
TCD,2017,NTD_TRA5,8047.0
SDN,2019,NTD_TRA5,230.0
UGA,2022,NTD_TRA5,1947.0
MMR,2017,NTD_TRA5,715.0
GNB,2022,NTD_TRA5,91.0
MMR,2022,NTD_TRA5,294.0
VUT,2021,NTD_TRA5,
TZA,2017,NTD_TRA5,2120.0
MEX,2018,NTD_TRA5,0.0
GMB,2023,NTD_TRA5,25.0
CAF,2023,NTD_TRA5,0.0
YEM,2018,NTD_TRA5,0.0
VEN,2017,NTD_TRA5,
OMN,2023,NTD_TRA5,0.0
AGO,2024,NTD_TRA5,0.0
MRT,2023,NTD_TRA5,1.0
CMR,2021,NTD_TRA5,0.0
SLB,2018,NTD_TRA5,
ERI,2014,NTD_TRA5,892.0
PNG,2024,NTD_TRA5,0.0
GTM,2018,NTD_TRA5,0.0
LBY,2017,NTD_TRA5,
KEN,2018,NTD_TRA5,3330.0
ETH,2021,NTD_TRA5,46134.0
CIV,2018,NTD_TRA5,0.0
MEX,2014,NTD_TRA5,15.0
TCD,2024,NTD_TRA5,146.0
NER,2023,NTD_TRA5,4385.0
NGA,2022,NTD_TRA5,12088.0
AUS,2015,NTD_TRA5,11.0
PAK,2017,NTD_TRA5,0.0
PAK,2020,NTD_TRA5,5.0
PNG,2016,NTD_TRA5,0.0
CIV,2022,NTD_TRA5,0.0
MMR,2019,NTD_TRA5,463.0
NPL,2015,NTD_TRA5,1325.0
GMB,2022,NTD_TRA5,9.0
KEN,2016,NTD_TRA5,9710.0
PER,2021,NTD_TRA5,0.0
UGA,2014,NTD_TRA5,9980.0
ETH,2017,NTD_TRA5,171005.0
MOZ,2016,NTD_TRA5,2253.0
ERI,2020,NTD_TRA5,948.0
ETH,2020,NTD_TRA5,22156.0
GIN,2020,NTD_TRA5,0.0
MOZ,2024,NTD_TRA5,812.0
COL,2024,NTD_TRA5,8.0
FSM,2023,NTD_TRA5,
BDI,2017,NTD_TRA5,0.0
TCD,2019,NTD_TRA5,3829.0
TCD,2018,NTD_TRA5,5778.0
BWA,2020,NTD_TRA5,0.0
AUS,2021,NTD_TRA5,5.0
GMB,2020,NTD_TRA5,20.0
NRU,2018,NTD_TRA5,0.0
GHA,2019,NTD_TRA5,34.0
MAR,2017,NTD_TRA5,46.0
SOM,2019,NTD_TRA5,0.0
PAK,2021,NTD_TRA5,
VEN,2024,NTD_TRA5,
NER,2016,NTD_TRA5,8139.0
DZA,2019,NTD_TRA5,
IRN,2020,NTD_TRA5,0.0
BFA,2019,NTD_TRA5,64.0
GIN,2017,NTD_TRA5,1444.0
IND,2018,NTD_TRA5,
PER,2015,NTD_TRA5,
CMR,2016,NTD_TRA5,561.0
AGO,2014,NTD_TRA5,6.0
MWI,2023,NTD_TRA5,447.0
IRQ,2015,NTD_TRA5,0.0
MEX,2023,NTD_TRA5,4.0
EGY,2016,NTD_TRA5,0.0
CIV,2014,NTD_TRA5,0.0
KIR,2022,NTD_TRA5,9.0
GTM,2022,NTD_TRA5,30.0
FJI,2014,NTD_TRA5,0.0
BDI,2022,NTD_TRA5,0.0
BEN,2023,NTD_TRA5,0.0
BFA,2016,NTD_TRA5,382.0
KEN,2021,NTD_TRA5,1808.0
KHM,2020,NTD_TRA5,102.0
GMB,2016,NTD_TRA5,184.0
LAO,2015,NTD_TRA5,9.0
IND,2020,NTD_TRA5,1049.0
MMR,2018,NTD_TRA5,825.0
BRA,2017,NTD_TRA5,1705.0
MEX,2019,NTD_TRA5,12.0
NGA,2019,NTD_TRA5,23717.0
ERI,2021,NTD_TRA5,965.0
SEN,2021,NTD_TRA5,2831.0
EGY,2024,NTD_TRA5,0.0
SDN,2022,NTD_TRA5,1045.0
MLI,2015,NTD_TRA5,3124.0
SDN,2023,NTD_TRA5,197.0
IRQ,2018,NTD_TRA5,0.0
VEN,2018,NTD_TRA5,0.0
LBY,2023,NTD_TRA5,
UGA,2015,NTD_TRA5,8734.0
DZA,2018,NTD_TRA5,41.0
BFA,2017,NTD_TRA5,950.0
DZA,2017,NTD_TRA5,0.0
NPL,2014,NTD_TRA5,2567.0
NRU,2016,NTD_TRA5,
DZA,2015,NTD_TRA5,
YEM,2015,NTD_TRA5,0.0
MRT,2020,NTD_TRA5,12.0
ZWE,2014,NTD_TRA5,
MWI,2019,NTD_TRA5,159.0
GIN,2021,NTD_TRA5,827.0
BWA,2022,NTD_TRA5,0.0
GIN,2022,NTD_TRA5,615.0
MMR,2014,NTD_TRA5,
VNM,2020,NTD_TRA5,27.0
COD,2015,NTD_TRA5,0.0
TZA,2019,NTD_TRA5,4774.0
CHN,2020,NTD_TRA5,0.0
OMN,2017,NTD_TRA5,0.0
PAK,2024,NTD_TRA5,2.0
TZA,2020,NTD_TRA5,2187.0
AFG,2015,NTD_TRA5,0.0
GMB,2015,NTD_TRA5,307.0
BDI,2016,NTD_TRA5,0.0
NGA,2021,NTD_TRA5,8116.0
BWA,2023,NTD_TRA5,0.0
VUT,2015,NTD_TRA5,2.0
EGY,2023,NTD_TRA5,
FJI,2022,NTD_TRA5,
SOM,2017,NTD_TRA5,
PAK,2023,NTD_TRA5,4.0
PNG,2023,NTD_TRA5,
PAK,2022,NTD_TRA5,0.0
UGA,2024,NTD_TRA5,823.0
GIN,2015,NTD_TRA5,611.0
NAM,2021,NTD_TRA5,
UGA,2018,NTD_TRA5,4104.0
ETH,2015,NTD_TRA5,112052.0
SEN,2017,NTD_TRA5,5048.0
PER,2022,NTD_TRA5,0.0
AUS,2018,NTD_TRA5,1.0
CAF,2019,NTD_TRA5,0.0
AGO,2021,NTD_TRA5,0.0
MOZ,2015,NTD_TRA5,1068.0
ERI,2023,NTD_TRA5,1275.0
SAU,2024,NTD_TRA5,
OMN,2018,NTD_TRA5,78.0
DZA,2023,NTD_TRA5,48.0
MMR,2023,NTD_TRA5,320.0
SOM,2016,NTD_TRA5,
VUT,2018,NTD_TRA5,0.0
SSD,2015,NTD_TRA5,386.0
FSM,2021,NTD_TRA5,
VUT,2016,NTD_TRA5,0.0
SEN,2018,NTD_TRA5,1531.0
NGA,2023,NTD_TRA5,5812.0
SLB,2017,NTD_TRA5,8.0
AUS,2016,NTD_TRA5,14.0
LAO,2019,NTD_TRA5,2.0
YEM,2017,NTD_TRA5,0.0
KEN,2024,NTD_TRA5,427.0
NPL,2023,NTD_TRA5,177.0
TCD,2016,NTD_TRA5,9030.0
GTM,2015,NTD_TRA5,0.0
COD,2019,NTD_TRA5,0.0
LAO,2022,NTD_TRA5,2.0
MRT,2024,NTD_TRA5,3.0
CMR,2015,NTD_TRA5,1104.0
NGA,2015,NTD_TRA5,11411.0
ZWE,2017,NTD_TRA5,0.0
VUT,2020,NTD_TRA5,2.0
IND,2017,NTD_TRA5,40.0
MOZ,2014,NTD_TRA5,294.0
CHN,2018,NTD_TRA5,0.0
PNG,2021,NTD_TRA5,
ZWE,2015,NTD_TRA5,0.0
ZWE,2022,NTD_TRA5,340.0
MEX,2020,NTD_TRA5,0.0
GMB,2017,NTD_TRA5,111.0
MAR,2020,NTD_TRA5,20.0
NGA,2017,NTD_TRA5,10813.0
MOZ,2023,NTD_TRA5,1667.0
KHM,2015,NTD_TRA5,323.0
GTM,2020,NTD_TRA5,0.0
FSM,2018,NTD_TRA5,
AFG,2021,NTD_TRA5,
MAR,2019,NTD_TRA5,15.0
NPL,2019,NTD_TRA5,424.0
PER,2016,NTD_TRA5,0.0
VUT,2014,NTD_TRA5,0.0
ZWE,2018,NTD_TRA5,0.0
BFA,2022,NTD_TRA5,229.0
GNB,2017,NTD_TRA5,208.0
FSM,2020,NTD_TRA5,
PER,2018,NTD_TRA5,6.0
LAO,2020,NTD_TRA5,
GTM,2016,NTD_TRA5,2.0
NPL,2022,NTD_TRA5,264.0
BRA,2021,NTD_TRA5,20.0
KIR,2023,NTD_TRA5,0.0
GHA,2014,NTD_TRA5,78.0
BDI,2023,NTD_TRA5,0.0
NAM,2014,NTD_TRA5,
NRU,2024,NTD_TRA5,0.0
EGY,2018,NTD_TRA5,0.0
AUS,2024,NTD_TRA5,6.0
ETH,2019,NTD_TRA5,41180.0
BEN,2020,NTD_TRA5,93.0
MWI,2015,NTD_TRA5,1802.0
ZMB,2014,NTD_TRA5,1474.0
SOM,2014,NTD_TRA5,0.0
EGY,2019,NTD_TRA5,0.0
VNM,2022,NTD_TRA5,0.0
IRN,2018,NTD_TRA5,0.0
BEN,2022,NTD_TRA5,5.0
CAF,2020,NTD_TRA5,0.0
GHA,2024,NTD_TRA5,6.0
BWA,2019,NTD_TRA5,0.0
MRT,2021,NTD_TRA5,4.0
KIR,2021,NTD_TRA5,16.0
PER,2024,NTD_TRA5,0.0
ERI,2018,NTD_TRA5,1991.0
VEN,2015,NTD_TRA5,
SDN,2020,NTD_TRA5,324.0
IND,2022,NTD_TRA5,57.0
MLI,2020,NTD_TRA5,223.0
EGY,2014,NTD_TRA5,
COL,2021,NTD_TRA5,0.0
KHM,2018,NTD_TRA5,182.0
MMR,2020,NTD_TRA5,
KIR,2024,NTD_TRA5,0.0
OMN,2016,NTD_TRA5,0.0
NRU,2014,NTD_TRA5,
GHA,2018,NTD_TRA5,0.0
ZWE,2021,NTD_TRA5,258.0
GTM,2014,NTD_TRA5,4.0
BRA,2023,NTD_TRA5,0.0
CIV,2024,NTD_TRA5,4.0
COL,2018,NTD_TRA5,5.0
PAK,2018,NTD_TRA5,0.0
CIV,2016,NTD_TRA5,0.0
GMB,2024,NTD_TRA5,25.0
NRU,2021,NTD_TRA5,0.0
DZA,2024,NTD_TRA5,
NRU,2020,NTD_TRA5,0.0
AUS,2022,NTD_TRA5,2.0
PER,2017,NTD_TRA5,0.0
SOM,2024,NTD_TRA5,0.0
AFG,2022,NTD_TRA5,0.0
CAF,2017,NTD_TRA5,0.0
VEN,2021,NTD_TRA5,
ZWE,2023,NTD_TRA5,625.0
TZA,2014,NTD_TRA5,2706.0
GHA,2022,NTD_TRA5,
NGA,2018,NTD_TRA5,14819.0
SLB,2016,NTD_TRA5,
NAM,2020,NTD_TRA5,0.0
SSD,2017,NTD_TRA5,183.0
GNB,2016,NTD_TRA5,445.0
BEN,2021,NTD_TRA5,330.0
NGA,2016,NTD_TRA5,13444.0
IRQ,2024,NTD_TRA5,0.0
MWI,2018,NTD_TRA5,205.0
COL,2019,NTD_TRA5,
CIV,2015,NTD_TRA5,0.0
SDN,2017,NTD_TRA5,1375.0
SEN,2022,NTD_TRA5,3789.0
SOM,2018,NTD_TRA5,
AUS,2023,NTD_TRA5,7.0
TGO,2021,NTD_TRA5,8.0
FJI,2024,NTD_TRA5,0.0
TGO,2014,NTD_TRA5,27.0
KHM,2016,NTD_TRA5,278.0
CHN,2017,NTD_TRA5,0.0
IRN,2017,NTD_TRA5,0.0
NER,2020,NTD_TRA5,2344.0
CAF,2018,NTD_TRA5,0.0
GTM,2019,NTD_TRA5,
PER,2019,NTD_TRA5,6.0
IRQ,2019,NTD_TRA5,
COD,2016,NTD_TRA5,0.0
SDN,2015,NTD_TRA5,1473.0
IRN,2021,NTD_TRA5,680.0
AFG,2023,NTD_TRA5,0.0
MLI,2022,NTD_TRA5,231.0
IRQ,2017,NTD_TRA5,0.0
BFA,2024,NTD_TRA5,101.0
COD,2018,NTD_TRA5,0.0
PAK,2014,NTD_TRA5,
OMN,2015,NTD_TRA5,699.0
COD,2017,NTD_TRA5,0.0
CHN,2015,NTD_TRA5,0.0
AUS,2017,NTD_TRA5,9.0
NPL,2024,NTD_TRA5,80.0
NGA,2014,NTD_TRA5,8210.0
LAO,2018,NTD_TRA5,6.0
CMR,2018,NTD_TRA5,421.0
ZMB,2022,NTD_TRA5,0.0
LBY,2015,NTD_TRA5,
SSD,2022,NTD_TRA5,1424.0
EGY,2022,NTD_TRA5,0.0
GMB,2019,NTD_TRA5,8.0
MOZ,2020,NTD_TRA5,140.0
OMN,2020,NTD_TRA5,231.0
TGO,2022,NTD_TRA5,6.0
VNM,2014,NTD_TRA5,5934.0
MWI,2014,NTD_TRA5,213.0
COD,2023,NTD_TRA5,35.0
MAR,2022,NTD_TRA5,6.0
VNM,2024,NTD_TRA5,
BWA,2024,NTD_TRA5,0.0
KIR,2020,NTD_TRA5,13.0
NPL,2021,NTD_TRA5,146.0
ZWE,2024,NTD_TRA5,412.0
LAO,2021,NTD_TRA5,3.0
ETH,2016,NTD_TRA5,184192.0
SSD,2019,NTD_TRA5,840.0
UGA,2016,NTD_TRA5,2818.0
LBY,2016,NTD_TRA5,127.0
IRN,2024,NTD_TRA5,590.0
OMN,2019,NTD_TRA5,21.0
SDN,2018,NTD_TRA5,1632.0
SEN,2016,NTD_TRA5,1064.0
SEN,2019,NTD_TRA5,1845.0
GTM,2021,NTD_TRA5,0.0
LBY,2024,NTD_TRA5,7.0
MLI,2021,NTD_TRA5,639.0
CMR,2014,NTD_TRA5,4047.0
AFG,2018,NTD_TRA5,0.0
EGY,2020,NTD_TRA5,0.0
EGY,2017,NTD_TRA5,0.0
SLB,2022,NTD_TRA5,0.0
NAM,2022,NTD_TRA5,0.0
PNG,2015,NTD_TRA5,0.0
CAF,2016,NTD_TRA5,0.0
SOM,2022,NTD_TRA5,
IRN,2014,NTD_TRA5,0.0
CHN,2019,NTD_TRA5,
MEX,2021,NTD_TRA5,0.0
COD,2020,NTD_TRA5,32.0
FJI,2023,NTD_TRA5,0.0
TZA,2021,NTD_TRA5,3783.0
NGA,2024,NTD_TRA5,6213.0
SDN,2014,NTD_TRA5,3297.0
KIR,2015,NTD_TRA5,
TZA,2023,NTD_TRA5,3807.0
BEN,2019,NTD_TRA5,303.0
BWA,2017,NTD_TRA5,
AGO,2018,NTD_TRA5,4.0
NRU,2022,NTD_TRA5,
SLB,2019,NTD_TRA5,
IND,2016,NTD_TRA5,
AFG,2019,NTD_TRA5,0.0
CAF,2022,NTD_TRA5,0.0
BWA,2018,NTD_TRA5,
VUT,2023,NTD_TRA5,0.0
CAF,2014,NTD_TRA5,48.0
COD,2021,NTD_TRA5,0.0
COL,2023,NTD_TRA5,0.0
ZMB,2015,NTD_TRA5,1100.0
MAR,2021,NTD_TRA5,6.0
GIN,2018,NTD_TRA5,975.0
BDI,2024,NTD_TRA5,0.0
NER,2014,NTD_TRA5,13051.0
MEX,2024,NTD_TRA5,11.0
MOZ,2017,NTD_TRA5,1995.0
MRT,2017,NTD_TRA5,8.0
MOZ,2019,NTD_TRA5,1221.0
LBY,2022,NTD_TRA5,8.0
BDI,2018,NTD_TRA5,0.0
SOM,2020,NTD_TRA5,
TCD,2015,NTD_TRA5,5729.0
CMR,2020,NTD_TRA5,0.0
BRA,2015,NTD_TRA5,1478.0
COL,2015,NTD_TRA5,16.0
SSD,2021,NTD_TRA5,838.0
IRQ,2016,NTD_TRA5,0.0
SDN,2021,NTD_TRA5,126.0
PAK,2019,NTD_TRA5,80.0
TGO,2016,NTD_TRA5,180.0
SSD,2016,NTD_TRA5,0.0
MOZ,2022,NTD_TRA5,1184.0
BFA,2014,NTD_TRA5,206.0
NAM,2018,NTD_TRA5,
VUT,2024,NTD_TRA5,0.0
BRA,2018,NTD_TRA5,1105.0
SLB,2015,NTD_TRA5,6.0
GHA,2017,NTD_TRA5,63.0
TGO,2023,NTD_TRA5,9.0
YEM,2023,NTD_TRA5,0.0
VNM,2021,NTD_TRA5,0.0
MRT,2022,NTD_TRA5,3.0
MAR,2018,NTD_TRA5,58.0
SSD,2014,NTD_TRA5,213.0
IRQ,2020,NTD_TRA5,0.0
NAM,2024,NTD_TRA5,
MRT,2019,NTD_TRA5,31.0
NER,2017,NTD_TRA5,11925.0
GIN,2024,NTD_TRA5,154.0
ETH,2022,NTD_TRA5,94849.0
OMN,2021,NTD_TRA5,258.0
IND,2015,NTD_TRA5,
YEM,2020,NTD_TRA5,0.0
SSD,2018,NTD_TRA5,530.0
FJI,2021,NTD_TRA5,
