IndicatorCode,HWF_0010,HWF_0010,HWF_0010,HWF_0010,HWF_0010,HWF_0010,HWF_0010,HWF_0010,HWF_0010,HWF_0010,HWF_0010,HWF_0010,HWF_0010,HWF_0010,HWF_0010,HWF_0010,HWF_0010,HWF_0010,HWF_0010,HWF_0010,HWF_0010,HWF_0010,HWF_0010,HWF_0010,HWF_0010,HWF_0010,HWF_0010,HWF_0010,HWF_0010,HWF_0010,HWF_0010,HWF_0010,HWF_0010,HWF_0010,HWF_0011,HWF_0011,HWF_0011,HWF_0011,HWF_0011,HWF_0011,HWF_0011,HWF_0011,HWF_0011,HWF_0011,HWF_0011,HWF_0011,HWF_0011,HWF_0011,HWF_0011,HWF_0011,HWF_0011,HWF_0011,HWF_0011,HWF_0011,HWF_0011,HWF_0011,HWF_0011,HWF_0011,HWF_0011,HWF_0011,HWF_0011,HWF_0011,HWF_0011,HWF_0011,HWF_0011,HWF_0011,HWF_0011,HWF_0011,HWF_0011,HWF_0011,HWF_0011,HWF_0011,HWF_0011,HWF_0011,HWF_0011,HWF_0011,HWF_0011,HWF_0011,HWF_0011,HWF_0011,HWF_0011,HWF_0011,HWF_0011,HWF_0011,HWF_0011,HWF_0011,HWF_0011,HWF_0011,HWF_0011,HWF_0011,HWF_0011,HWF_0011,HWF_0011,HWF_0011,HWF_0011,HWF_0011,HWF_0011,HWF_0011,HWF_0012,HWF_0012,HWF_0012,HWF_0012,HWF_0012,HWF_0012,HWF_0012,HWF_0012,HWF_0012,HWF_0012,HWF_0012,HWF_0012,HWF_0012,HWF_0012,HWF_0012,HWF_0012,HWF_0012,HWF_0012,HWF_0012,HWF_0012,HWF_0012,HWF_0012,HWF_0012,HWF_0012,HWF_0012,HWF_0012,HWF_0012,HWF_0012,HWF_0012,HWF_0012,HWF_0012,HWF_0012,HWF_0012,HWF_0012,HWF_0012,HWF_0012,HWF_0012,HWF_0012,HWF_0012,HWF_0012,HWF_0012,HWF_0013,HWF_0013,HWF_0013,HWF_0013,HWF_0013,HWF_0013,HWF_0013,HWF_0013,HWF_0013,HWF_0013,HWF_0013,HWF_0013,HWF_0013,HWF_0013,HWF_0013,HWF_0013,HWF_0013,HWF_0013,HWF_0013,HWF_0013,HWF_0013,HWF_0013,HWF_0013,HWF_0013,HWF_0013,HWF_0013,HWF_0013,HWF_0013,HWF_0013,HWF_0013,HWF_0013,HWF_0013,HWF_0013,HWF_0013,HWF_0013,HWF_0013,HWF_0013,HWF_0013,HWF_0013,HWF_0013,ORALHEALTH_DENOMINATOR_CHEPPP,ORALHEALTH_DENOMINATOR_TTLPOP,ORALHEALTH_DENTALHEALTHCARE_EXP_PERCAP,ORALHEALTH_DENTALHEALTHCARE_EXP_TOTAL,ORALHEALTH_HWF_DENTALPROSTHETICTECH_10K,ORALHEALTH_UHC_GOVSCHEME,PRISON_B9_1_DENTISTS_RATIO
YEAR,1990,1991,1992,1993,1994,1995,1996,1997,1998,1999,2000,2001,2002,2003,2004,2005,2006,2007,2008,2009,2010,2011,2012,2013,2014,2015,2016,2017,2018,2019,2020,2021,2022,2023,1960,1961,1962,1963,1964,1965,1966,1967,1968,1969,1970,1971,1972,1973,1974,1975,1976,1977,1978,1979,1980,1981,1982,1983,1984,1985,1986,1987,1988,1989,1990,1991,1992,1993,1994,1995,1996,1997,1998,1999,2000,2001,2002,2003,2004,2005,2006,2007,2008,2009,2010,2011,2012,2013,2014,2015,2016,2017,2018,2019,2020,2021,2022,2023,1983,1984,1985,1986,1987,1988,1989,1990,1991,1992,1993,1994,1995,1996,1997,1998,1999,2000,2001,2002,2003,2004,2005,2006,2007,2008,2009,2010,2011,2012,2013,2014,2015,2016,2017,2018,2019,2020,2021,2022,2023,1983,1985,1986,1987,1988,1989,1990,1991,1992,1993,1994,1995,1996,1997,1998,1999,2000,2001,2002,2003,2004,2005,2006,2007,2008,2009,2010,2011,2012,2013,2014,2015,2016,2017,2018,2019,2020,2021,2022,2023,2019,2020,2019,2019,2019,2021,2020
COUNTRY,,,,,,,,,,,,,,,,,,,,,,,,,,,,,,,,,,,,,,,,,,,,,,,,,,,,,,,,,,,,,,,,,,,,,,,,,,,,,,,,,,,,,,,,,,,,,,,,,,,,,,,,,,,,,,,,,,,,,,,,,,,,,,,,,,,,,,,,,,,,,,,,,,,,,,,,,,,,,,,,,,,,,,,,,,,,,,,,,,,,,,,,,,
AFG,,,,,,,,,,,,,,,,,0.13,0.12,0.14,,,,,,0.03,0.04,0.04,,0.05,0.07,0.06,,,,,,,,,,,,,,,,,,,,,,,,,,,,,,,,,,,,,,,,,,,,,,,,,,337.0,311.0,382.0,,,,,,111.0,123.0,120.0,,178.0,262.0,232.0,,,,,,,,,,,,,,,,,,,,,,,,,,,,,,,,,,,,,,,,635.0,,,,648.0,,,,,,,,,,,,,,,,,,,,,,,,,,,,,,,,,,,,545.0,,,,,285.6,38972.23,0.45686,16.68,0.14326,,
AFR,,,,,,,,,,,,,,,,,,,,,,,,,,,,,,,,,0.2,,,,,,,,,,,,,,,,,,,,,,,,,,,,,,,,,,,,,,,,,,,,,,,,,,,,,,,,,,,,,,,,,,,,,,,,,,,,,,,,,,,,,,,,,,,,,,,,,,,,,,,,,,,,,,,,,,,,,,,,,,,,,,,,,,,,,,,,,,,,,,,,,,,,,,,,,
AGO,,,,,,,,0.0,,,,,,,0.12,,,,,,,,,,,,,,0.53,,,,0.07,,,,,,,,,,,,,,,,,,,,,,,,,,,,,,,,,,,,,,,2.0,,,,,,,222.0,,,,,,,,,,,,,,1652.0,,,,254.0,,,,,,,,,,,,,,,,,,,,,,,,,,,,,,,,,,,,,,,,,796.0,,,,,,,,,,,,,,,,,,,,,,,,,,,,,,,,,,,,,,,,,,178.0,33428.486,2.32953,70.18406,,,
ALB,3.4,3.52,3.63,3.77,3.95,3.51,3.18,4.21,4.33,4.47,4.6,4.84,4.28,4.33,,,3.39,,,,,,,,,,,,10.27,,,,,,,,,,,,,,,,,,,,,,,,,,665.0,,,937.0,971.0,982.0,,,,1099.0,1115.0,1154.0,1190.0,1236.0,1290.0,1145.0,1033.0,1360.0,1390.0,1425.0,1457.0,1525.0,1342.0,1350.0,,,1035.0,,,,,,,,,,,,2973.0,,,,,,,,,,,,,,,,,,,,,,,,,,,,,,,,,,,,,,,,,,,,,,,,,,,,,,,,,,,,,,,,,,,,,,,,,,,,,,,,,250.0,,,,,,,2866.849,12.65606,36.3229,0.86778,,4.07
AMR,,,,,,,,,,,,,,,,,,,,,,,,,,,,,,,,,5.5,,,,,,,,,,,,,,,,,,,,,,,,,,,,,,,,,,,,,,,,,,,,,,,,,,,,,,,,,,,,,,,,,,,,,,,,,,,,,,,,,,,,,,,,,,,,,,,,,,,,,,,,,,,,,,,,,,,,,,,,,,,,,,,,,,,,,,,,,,,,,,,,,,,,,,,,,
AND,,,,,,4.85,,7.42,5.2,4.72,6.55,6.37,6.32,6.33,6.06,5.94,5.78,5.74,,6.08,6.57,7.07,6.9,7.45,8.28,9.97,10.25,10.57,10.51,10.98,11.63,11.61,11.67,12.11,,,,,,,,,,,,,,,,,,,,,,,,,,,,,,,,,,,,31.0,,48.0,34.0,31.0,43.0,42.0,42.0,44.0,45.0,46.0,46.0,47.0,,51.0,53.0,55.0,53.0,56.0,61.0,72.0,74.0,78.0,79.0,84.0,90.0,91.0,93.0,98.0,,,,,,,,,,,,,,,,,,,,,,,,,,,,,,,,,,,,,,,,,,,,,,,,,,,,,,,,,,,,,,,,,,,,,,,,,,,,,,,,,,3716.0,77.7,189.88976,14.62341,,,
ARE,,,,,,,,,,,2.3,2.81,2.91,3.04,3.35,3.03,2.71,3.41,3.37,4.29,4.44,4.17,4.19,4.06,4.87,5.67,5.72,6.08,6.71,7.01,7.26,7.64,8.29,8.85,,,,,,,,,,,,,,,,,,,,,,,,,,,,,,,,,,,,,,,,,802.0,1045.0,1150.0,1274.0,1484.0,1414.0,1358.0,1919.0,2124.0,2874.0,3081.0,3000.0,3143.0,3181.0,4009.0,4916.0,5165.0,5611.0,6273.0,6576.0,6860.0,7476.0,8486.0,9413.0,,,,,,,,,,,,,,,,,,,,,,,,,,,,,,,,,,,,,,,,3393.0,,,,,,,,,,,,,,,,,,,,,,,,,,,,,,,,,,,,,,,,162.0,,2996.0,9287.289,64.98664,698.54135,,30.0,
ARG,,,6.5,,,,,,7.95,,,,,,,,,,,,,,10.58,10.85,11.03,11.19,11.37,11.54,11.61,11.72,11.74,11.88,9.68,10.86,,,,,,,,,,,,,,,,,,,,,,,,,,,,,,,,,21900.0,,,,,,28900.0,,,,,,,,,,,,,,44585.0,46195.0,47437.0,48668.0,49926.0,51091.0,51834.0,52705.0,53074.0,53821.0,43935.0,49466.0,,,,,,,,,,,,,,,,,,,,,,,,,,,,,,,,,,,,,,,,,,,,,,,,,,,,,,,,,,,,,,,,,,,,,,,,,,,,,,,,,,2199.0,45036.032,24.5488,1105.97272,1.19181,100.0,
ARM,2.99,2.96,2.99,3.04,3.08,3.19,3.34,3.31,3.27,3.24,2.37,1.67,1.92,2.07,2.34,3.19,3.16,3.39,4.04,4.23,4.29,4.44,4.41,4.16,3.89,3.7,3.67,3.6,3.97,4.06,3.59,2.93,3.59,,,,,,,,,,,,,,,,,,,,,,494.0,534.0,567.0,609.0,671.0,746.0,812.0,905.0,972.0,1009.0,1063.0,1071.0,1067.0,1048.0,1037.0,1056.0,1096.0,1074.0,1049.0,1027.0,742.0,516.0,586.0,629.0,706.0,959.0,945.0,1009.0,1197.0,1245.0,1257.0,1297.0,1290.0,1215.0,1138.0,1080.0,1072.0,1048.0,1155.0,1178.0,1039.0,841.0,1035.0,,,,,,,,,,,,,,,,,,,,,,,,,,,,,,,,,,,,,,,,,,,,,,,,,,,,,,,,,,,,,,,,,,,,,,,,,,,,,,,,,,,1616.0,2805.608,38.05418,112.98285,,,4.07
ATG,,,,,,,,1.83,,,,,,,,,,,,,,,,,0.45,,,,,,,,,,,,,,,,,,,,,,,,,,,,,,,,,,,,,,,,,,,,,,,13.0,,,,,,,,,,,,,,,,,4.0,,,,,,,,,,,,,,,,,,,,,,,,,,,,,,,,,,,,,,,,,7.0,,,,,,,,,,,,,,,,,,,,,,,,,,,,,,,,,,,,,,,,,,,,,,,,,,1016.0,92.664,51.88096,4.82493,,,
AUS,4.22,4.19,4.27,4.3,4.35,4.58,4.66,4.64,4.69,4.7,4.54,4.75,4.78,4.71,5.01,4.96,4.86,,,5.26,5.18,5.37,5.59,5.62,5.71,5.78,5.84,5.91,5.96,6.09,6.09,6.2,6.41,,,,,,,,,,,,,,,,,,,,,,6283.0,6380.0,6516.0,6631.0,6722.0,6805.0,6897.0,6977.0,7076.0,7178.0,7221.0,7275.0,7493.0,7618.0,7784.0,8278.0,8534.0,8584.0,8767.0,8879.0,8691.0,9205.0,9356.0,9328.0,10041.0,10074.0,10001.0,,,11455.0,11473.0,12062.0,12767.0,13049.0,13472.0,13843.0,14205.0,14620.0,14981.0,15517.0,15667.0,16097.0,16782.0,,,,,,,,,,,,,,,,,,,,13096.0,,,,,,,,,,,,,,,,3601.0,3833.0,4020.0,4088.0,4153.0,4388.0,,,,,,,,,,,,,,,,,,,,,,,,,,,,,,,,,,,1062.0,1058.0,1069.0,1061.0,1058.0,1064.0,,5294.0,25670.051,288.2523,7370.32318,0.44836,,
AUT,3.61,3.72,3.82,3.98,4.13,4.25,4.41,4.54,4.54,4.59,4.65,4.82,4.9,4.97,5.03,5.14,5.4,5.59,5.65,5.74,5.81,5.87,5.92,5.96,6.0,5.94,5.89,5.95,5.94,6.06,6.11,6.16,6.14,6.19,,,,,,,,,,,,,,,,,,,,,1622.0,,,,,2124.0,2299.0,2406.0,2501.0,2663.0,2771.0,2889.0,2998.0,3147.0,3275.0,3379.0,3513.0,3618.0,3624.0,3666.0,3722.0,3879.0,3956.0,4037.0,4113.0,4232.0,4467.0,4640.0,4699.0,4786.0,4856.0,4925.0,4989.0,5055.0,5130.0,5133.0,5147.0,5239.0,5249.0,5380.0,5453.0,5522.0,5565.0,5655.0,,,,,,,,,,,,,,,,,,,,,,,,,,,,,,,,,,,,,,,,,,,,,,,,,,,,,,,,,,,,,,,,,,,,,,,,,,,700.0,,,,,,,6134.0,8907.777,236.38799,2115.67254,0.78168,99.0,
AZE,2.99,3.04,3.1,3.14,3.24,3.23,3.17,3.06,2.84,2.77,2.73,2.73,2.79,2.71,2.73,2.78,2.79,2.86,2.78,2.72,2.7,2.59,2.63,2.58,2.7,2.71,2.8,2.9,3.0,3.1,3.18,3.22,3.38,,,,,,,,,,,,,,,,,,,,,,1777.0,,,,,2005.0,2075.0,2149.0,2251.0,2170.0,2164.0,2221.0,2294.0,2357.0,2466.0,2496.0,2484.0,2428.0,2279.0,2242.0,2234.0,2255.0,2325.0,2275.0,2321.0,2393.0,2431.0,2522.0,2486.0,2457.0,2467.0,2401.0,2461.0,2452.0,2601.0,2641.0,2762.0,2892.0,3011.0,3131.0,3239.0,3295.0,3481.0,,,,,,,,,,,,,,,,,,,,,,,,,,,,,,,,,,,,,,,,,,,,,,,,,,,,,,,,,,,,,,,,,,,,,,,,,,,,,,,,,,,605.9,10284.951,12.60574,126.80115,,,
BDI,,,,,,,,,,,,,,,0.02,,,,,,0.0,0.0,,0.0,,,,,0.01,,0.01,0.01,0.01,,,,,,,,,,,,,,,,,,,,,,,,,,,,,,,,,,,,,,,,,,,,,,14.0,,,,,,2.0,2.0,,4.0,,,,,14.0,,8.0,8.0,14.0,,,,,,,,,,,,,,,,,,,,,,,,,,,,,,,,,,,,,,,,,,,,,,,,,,,,,,,,,,,,,,,,,,,,,,,,,,,,,,,,,,,61.8,12220.227,0.11587,1.33589,,63.0,
BEL,7.31,7.41,7.49,7.53,7.58,7.75,7.87,7.95,8.08,8.14,7.47,7.47,7.44,7.4,7.4,7.34,7.35,7.23,7.16,7.08,7.02,7.05,7.08,7.14,7.23,7.35,7.48,7.49,7.54,7.57,7.69,7.71,7.58,11.92,,,,,,,,,,,,,,,,,,,,,,,,,,6273.0,6666.0,6917.0,7147.0,7182.0,7285.0,7413.0,7525.0,7596.0,7672.0,7852.0,7992.0,8095.0,8240.0,8326.0,7659.0,7680.0,7685.0,7680.0,7712.0,7694.0,7748.0,7677.0,7663.0,7655.0,7675.0,7777.0,7869.0,7965.0,8108.0,8291.0,8478.0,8516.0,8614.0,8697.0,8871.0,8926.0,8820.0,13963.0,,,,,,,,,,,,,,,,,,,,,,,,,,,,,,,,,,,,,,,,,,,,,,,,,,,,,,,,,,,,,,,,,,,,,,,,,,,,,,,,,,5847.0,11561.717,185.20303,2122.05635,,99.0,1.93
BEN,,,,,,,,,,,,,,,0.01,,,,0.04,,,,,,,,0.01,,0.01,,,0.04,0.04,0.05,,,,,,,,,,,,,,,,,,,,,,,,,,,,,,,,,,,,,,,,,,,,,11.0,,,,37.0,,,,,,,,9.0,,12.0,,,50.0,50.0,66.0,,,,,,,,,,,,,,,,,,,,,,,,,,,,,,,,,,,,,,,6.0,7.0,,,,,,,,,,,,,,,,,,,,,,1.0,,,,,,,,,,,,,,,,,,,,81.99,12643.123,0.2773,3.27599,0.01271,60.0,
BFA,,,,,,,,,,,,,,,0.04,,,,,,0.02,,0.02,,,,,0.04,0.05,0.03,0.05,0.05,0.05,0.06,,,,,,,,,,,,,,,,,,,,,,,,,,,,,,,,,,,,,,,,,,,,,58.0,,,,,,32.0,,38.0,,,,,80.0,91.0,52.0,103.0,107.0,109.0,133.0,,,,,,,,,,,,,,,,,,,,,,,,,,,,,,,,,,,,185.0,143.0,172.0,168.0,173.0,164.0,,,,,,,,,,,,,,,,,,,,,,,,,,,,,,,,,,,2.0,,,,,,122.4,21522.626,0.22586,4.59092,0.00098,50.0,
BGD,,,,,,,,,,,,,0.14,,0.14,0.16,,0.14,0.23,0.26,0.29,0.31,0.31,0.39,0.4,0.41,0.44,0.5,0.59,0.58,0.68,0.69,0.75,0.76,,,,,,,,,,,,,,,,,,,,,,,,,,,,,,,,,,,,,,,,,,,1886.0,,1948.0,2344.0,,2059.0,3383.0,3841.0,4336.0,4815.0,4815.0,6034.0,6360.0,6520.0,7015.0,8155.0,9608.0,9608.0,11308.0,11593.0,12635.0,12940.0,,,,,,,,,,,,,,,,,,,,,,,,,,,,,,,,,,,,,4118.0,4239.0,4536.0,4536.0,4846.0,,,,,,,,,,,,,,,,,,,,,589.0,,,1103.0,1436.0,1682.0,1916.0,2170.0,2170.0,,,,,,,23.0,40.0,40.0,40.0,56.0,123.3,167420.951,0.07524,12.53376,0.00141,1.0,
BGR,6.92,6.78,6.67,6.76,6.58,6.56,6.63,6.38,5.95,5.77,8.47,8.18,7.82,8.3,8.4,8.47,8.56,8.52,8.38,8.72,8.71,9.13,9.48,9.72,9.96,10.03,10.4,10.61,10.37,10.66,10.63,10.99,11.23,,,,,,,,,,,,,,,,,,,,,,4839.0,4984.0,5201.0,5460.0,5623.0,5745.0,5844.0,5921.0,5953.0,6048.0,6109.0,5899.0,5705.0,5727.0,5540.0,5481.0,5493.0,5240.0,4838.0,4655.0,6778.0,6482.0,6144.0,6475.0,6508.0,6516.0,6537.0,6461.0,6314.0,6529.0,6480.0,6737.0,6935.0,7064.0,7192.0,7197.0,7413.0,7505.0,7282.0,7439.0,7373.0,7560.0,7663.0,,,,,,,,,,,,,,,,,,,,,,,,,,,,,,,,,,,,,,63.0,,,,,,,,,,,,,,,,,,,,,,,,,,,,,,,,,,,,,,,1624.0,,,,,,1798.0,6979.175,15.72294,109.43165,2.31996,100.0,0.96
BHR,,,,,,,,,,,,,,,2.07,1.05,1.04,,1.06,1.0,1.01,1.05,1.14,1.07,1.0,0.98,0.94,0.84,0.81,0.74,0.8,,,,,,,,,,,,,,,,,,,,,,,,,,,,,,,,,,,,,,,,,,,,,,,,180.0,98.0,103.0,,119.0,118.0,122.0,127.0,139.0,134.0,131.0,134.0,134.0,125.0,121.0,110.0,119.0,,,,,,,,,,,,,,,,,,,,,,,,,96.0,,,,,,,,,,,,,,75.0,60.0,66.0,,,,,,,,,,,,,,,,,,,,,,,,66.0,145.0,150.0,,154.0,159.0,172.0,181.0,191.0,196.0,208.0,82.0,,79.0,27.0,25.0,20.0,,,,1881.0,1477.469,41.3558,62.48862,0.49965,,
BHS,,,,,,,,,,,,,,,,,,,2.21,,,2.26,,,,,,2.54,,,,,,,,,,,,,,,,,,,,,,,,,,,,,,,,,,,,,,,,,,,,,,,,,,,,,,,79.0,,,84.0,,,,,,99.0,,,,,,,,,,,,,,,,,,,,,,,,,,,,,,,,31.0,,,40.0,,,,,,,,,,,,,,,,,,,,,,,,,,,,,,,,,,,,,5.0,,,6.0,,,,,,,,,,,,,2228.0,406.471,514.90586,32.88704,,,
BIH,3.17,3.02,,,,,,,,1.72,1.74,1.63,1.64,1.1,1.74,1.76,1.9,1.86,1.71,1.75,2.09,2.16,2.38,2.24,2.31,2.34,2.42,2.48,2.46,2.58,,,,,,,,,,,,,,,,,,,,,,,,,799.0,921.0,983.0,1015.0,1156.0,1250.0,1317.0,1334.0,1342.0,1393.0,1408.0,1346.0,,,,,,,,712.0,725.0,679.0,686.0,460.0,722.0,722.0,770.0,748.0,674.0,680.0,797.0,808.0,875.0,809.0,825.0,823.0,839.0,849.0,832.0,862.0,,,,,,,,,,,,,,,,,,,,,,,,,,,,,,,,,,,,,,,,,,,,,,,,,,,,,,,,,,,,,,,,,,,,,,,,,,,,,,,,,,,,,,1477.0,3318.407,20.75451,72.68228,,,2.53
BLR,3.18,3.22,3.27,3.45,3.56,3.62,3.82,3.94,4.11,4.47,4.49,4.42,4.43,4.4,4.58,4.71,4.84,5.0,5.37,5.45,5.36,5.41,5.49,5.49,5.72,5.89,5.93,5.77,5.73,5.72,5.85,5.79,5.87,6.09,,,,,,,,,,,,,,,,,,,,,1724.0,1878.0,1992.0,2075.0,2244.0,2426.0,2627.0,2826.0,3004.0,3157.0,3239.0,3284.0,3345.0,3528.0,3646.0,3695.0,3883.0,3991.0,4139.0,4492.0,4485.0,4393.0,4374.0,4315.0,4456.0,4555.0,4647.0,4784.0,5115.0,5182.0,5087.0,5123.0,5194.0,5196.0,5414.0,5591.0,5630.0,5480.0,5435.0,5393.0,5468.0,5360.0,5384.0,5550.0,,,,,,,,,,,,,,,,,,,,,,,,,,,,,,,,,,,,6768.0,,,,,,,,,,,,,,,,,,,,,,,,,,,,,,,,,,,,,,,,1822.0,,,,,,1199.0,9633.74,14.47413,137.14241,1.92755,100.0,
BLZ,,,,,,,,,,,1.33,,,,,,,,,,,,,,,,,1.55,1.5,1.4,,,1.71,,,,,,,,,,,,,,,,,,,,,,,,,,,,,,,,,,,,,,,,,,32.0,,,,,,,,,,,,,,,,,58.0,57.0,54.0,,,69.0,,,,,,,,,,,,,,,,,,,,,,,,,,,,,,,,,,,,,,31.0,,,,,,,,,,,,,,,,,,,,,,,,,,,,,,,,,,,,,,,,5.0,,,,,445.7,394.921,14.08281,5.71762,0.12809,95.0,
BOL,,,,,,,,,,,,,,,,,,0.62,,,0.96,1.09,,,,,2.17,1.78,,2.05,1.61,2.29,,,,,,,,,,,,,,,,,,,,,,,,,,,,,,,,,,,,,,,,,,,,,,,,,,598.0,,,976.0,1130.0,,,,,2428.0,2014.0,,2396.0,1897.0,2737.0,,,,,,,,,,,,,,,,,,,,,742.0,,,,,,,,,,,,,,,,,,,,,,,,,,,,,,,,,,,,,,,,,,,,,,,,,,,,,,,,,,,,,,,630.8,11936.162,4.1707,48.1716,,70.0,
BRA,,,,,,,,6.16,8.18,8.47,8.82,8.76,9.14,9.47,9.75,11.26,11.64,11.66,11.93,12.05,11.51,,,,,,,12.65,6.5,,,6.83,,7.45,,,,,,,,,,,,,,,,,,,,,,,,,,,,,,,,,,,,,,102714.0,138311.0,145441.0,153412.0,154426.0,163192.0,170953.0,178025.0,207904.0,217217.0,219827.0,227141.0,231399.0,223021.0,,,,,,,258842.0,134060.0,,,143178.0,,157189.0,,,,,,,,,,,,,,,,,,,,,,,,,,,,16152.0,,,,,,,78892.0,,,,63595.0,,,,,,,,,,,,,,,,,,,37036.0,,,,,,,,,,,,,,,,,,,,,5311.0,,,1498.0,213196.304,17.68301,3712.76059,,80.0,
BRB,,,,,,1.91,,,,,,2.29,,,,3.09,,,,,,,,,,,,3.14,,,,,,,,,,,,,,,,,,,,,,,,,,,,,,,,,,,,,,,,,,50.0,,,,,,60.0,,,,83.0,,,,,,,,,,,,88.0,,,,,,,,,,,,,,,,,,,11.0,,,,,,,,,,11.0,,,,,,,,,,,,,,,,,,,,,,,,,,,,,,,,,,,,2.0,,,,,,,,,,,,,,,,,,,,,,,1029.0,280.693,52.80047,15.15373,,,
BRN,,,,,,,,,,,1.47,,2.06,,1.93,2.03,2.06,2.18,2.17,1.87,2.19,2.38,2.32,,,2.23,,,2.58,2.49,,2.35,,,,,,,,,,,,,,,,,,,,,,,,,,,,,,,,,,,,,,,,,,,48.0,,70.0,,68.0,73.0,75.0,81.0,82.0,72.0,86.0,95.0,94.0,,,94.0,,,113.0,110.0,,106.0,,,,,,,,,,,,,,,,,,,,,,,,,,,,,,,,72.0,,266.0,89.0,,,,101.0,,,,,,,,,,,,,,,,,,,,,,,,,,,,,,,,,8.0,,,,,,,30.0,,,,,1401.0,441.725,20.35421,9.09833,0.69237,,
BTN,,,,,,,,,,,,,,,0.15,,,0.1,,,,,,,,,,0.78,0.79,0.9,0.92,0.97,0.97,,,,,,,,,,,,,,,,,,,,,,,,,,,,,,,,,,,,,,,,,,,,,,10.0,,,7.0,,,,,,,,,,59.0,60.0,69.0,71.0,75.0,76.0,,,,,,,,,,,,,,,,,,,,,,,34.0,,,,,,,,,,,,,,67.0,73.0,75.0,86.0,87.0,,,,,,,,,,,,,,,,,,,,,,14.0,,,58.0,,,,,,,,,,44.0,38.0,35.0,53.0,54.0,51.0,,432.1,772.506,0.05508,0.04572,0.41935,100.0,
BWA,,,,,,,,,,,,,,,0.21,,,0.17,0.09,0.28,0.27,0.27,0.26,,,,0.41,,0.42,0.38,0.38,0.37,0.41,0.36,,,,,,,,,,,,,,,,,,,,,,,,,,,,,,,,,,,,,,,,,,,,,38.0,,,32.0,18.0,55.0,55.0,55.0,55.0,,,,91.0,,96.0,88.0,89.0,89.0,99.0,89.0,,,,,,,,,,,,,,,,,,,,,,,,,,80.0,90.0,,,,,,,,,27.0,27.0,28.0,26.0,28.0,24.0,,,,,,,,,,,,,,,,,,,,,,,,,,,,,,,,,,,27.0,33.0,33.0,35.0,33.0,32.0,1122.0,2546.402,24.14642,57.42018,0.07379,,
CAF,,,,,,,,,,,,,,,0.01,,,,0.01,0.01,,,,,,,,,0.02,,,0.0,0.01,0.01,,,,,,,,,,,,,,,,,,,,,,,,,,,,,,,,,,,,,,,,,,,,,6.0,,,,5.0,4.0,,,,,,,,,10.0,,,2.0,3.0,3.0,,,,,,,,,,,,,,,,,,,,,,,,,,,,,,,,,,,,,,,,7.0,4.0,,,,,,,,,,,,,,,,,,,,,7.0,,,,8.0,8.0,,,,,,,,,1.0,,,,,1.0,78.44,5343.02,0.21756,1.12716,0.00211,,
CAN,5.16,5.16,5.23,,,5.29,5.31,5.4,5.44,5.52,5.6,5.63,5.69,5.72,5.74,5.6,5.62,5.64,5.68,5.72,5.79,5.96,6.04,6.1,6.15,6.24,6.34,6.34,6.57,6.57,6.53,,,,,,,,,,,,,,,,,,,,,,,,11095.0,11484.0,11880.0,12271.0,12624.0,13027.0,13164.0,13503.0,13742.0,14177.0,14341.0,14514.0,14897.0,,,15589.0,15807.0,16234.0,16486.0,16899.0,17287.0,17559.0,17946.0,18202.0,18433.0,18178.0,18414.0,18672.0,19006.0,19334.0,19800.0,20595.0,21093.0,21529.0,21928.0,22454.0,23060.0,23352.0,24517.0,24805.0,24909.0,,,,,,,,,,,,,,,,,,,,,,,,,,,,,,,,,,,,,,23562.0,,19599.0,27375.0,,,,,,,,,,,,,,,,,,,,,,,,,,,,,,,,,,,,,,2600.0,,,,,,5.521,37888.705,342.52097,12829.12301,0.69498,,
CHE,4.87,4.79,4.9,4.77,4.98,4.93,4.89,5.01,4.88,4.83,4.83,4.75,4.81,4.91,4.98,5.07,5.19,5.21,5.22,5.21,5.25,5.21,5.23,5.2,5.1,5.07,5.04,5.16,5.09,4.06,,,,,,,,,,,,,,,,,,,,,,,,,2841.0,2854.0,2927.0,3038.0,3070.0,3117.0,3110.0,3147.0,3184.0,3230.0,3268.0,3252.0,3368.0,3309.0,3479.0,3474.0,3460.0,3549.0,3470.0,3449.0,3468.0,3432.0,3501.0,3598.0,3679.0,3764.0,3884.0,3931.0,3987.0,4030.0,4109.0,4123.0,4181.0,4208.0,4180.0,4200.0,4217.0,4361.0,4337.0,3481.0,,,,,,,,,,,,,,,,,,,,,,,,,,,,,,,,,,,,,,,,,,,,,,,,,,,,,,,,,,,,,,,,,,,,,,,,,,,,,,,,,,,,,,8533.0,8638.613,493.72849,4218.90997,,100.0,
CHL,,,,,,,,,,,,,0.01,0.01,0.01,0.01,0.01,0.01,0.01,0.01,5.57,5.9,7.02,8.14,9.02,10.0,10.47,11.8,12.44,12.84,13.78,14.83,15.83,16.77,,,,,,,,,,,,,,,,,,,,,,,,,,,,,,,,,,,,,,,,,,,9.0,13.0,12.0,12.0,14.0,14.0,14.0,15.0,9568.0,10236.0,12297.0,14388.0,16119.0,18046.0,19120.0,21899.0,23504.0,24646.0,26685.0,28860.0,30945.0,32969.0,,,,,,,,,,4390.0,,,,,,,,,,,,,,,,,,,,,,,,,,,,,,,,,,,,,,,,,,,,,,,,,,,,,,,,,,,,,,,,,,,,,,,,2424.0,19300.315,24.57795,469.61091,,80.0,
CHN,,,,,,,,,,,,,,,,0.39,,,,,,0.88,,,,,,4.51,,,,,,,,,,,,,,,,,,,,,,,,,,,,,,,,,,,,,,,,,,,,,,,,,,,,51012.0,,,,,,119000.0,,,,,,637000.0,,,,,,,,,,,,,,,,,,,,,,,,,,,,,,,,,,,,,,,,,,,,,,,,,,,,,,,,,,,,,,,,,,,,,,,,,,,,,,,,,,,,,,,,880.2,1424929.781,43.95779,61548.56106,,95.0,
CIV,,,,,,,,,,,,,,,0.17,0.1,,,0.13,,,,,,0.2,,,,0.18,0.1,0.14,0.15,0.14,0.14,,,,,,,,,,,,,,,,,,,,,,,,,,,,,,,,,,,,,,,,,,,,,339.0,204.0,,,274.0,,,,,,490.0,,,,506.0,284.0,397.0,436.0,418.0,425.0,,,,,,,,,,,,,,,,,,,,,,,,,,,,,,,,120.0,,,,,,,,28.0,,,,,,,,,,,,,,,,,,,,,,,,,,,,,,,,190.0,,,,,40.0,,,40.0,,179.6,26811.79,0.25249,6.63405,0.01555,49.0,
CMR,,,,,,,,,,,,,,,,0.02,,0.02,,0.02,0.03,0.03,,,,,0.04,,,0.12,0.07,0.05,0.12,,,,,,,,,,,,,,,,,,,,,,,,,,,,,,,,,,,,,,,,,,,,,,,26.0,,39.0,,32.0,58.0,58.0,,,,,88.0,,,300.0,179.0,133.0,317.0,,,,,,,,,,,,,,,,,,,,,,,,,,,,,,,,,,,,,,,45.0,97.0,88.0,,,,,,,,,,,,,,,,,,,,,,,,,,,,,,,,,,,,,,12.0,3.0,11.0,,136.2,26491.087,0.25743,6.56608,,,
COD,,,,,,,,,,,,,,,,,,,,0.01,,,,,,,0.02,,0.05,0.05,,0.03,0.04,,,,,,,,,,,,,,,,,,,,,,,,,,,,,,,,,,,,,,,,,,,,,,,,,,,45.0,,,,,,,147.0,,404.0,422.0,,268.0,451.0,,,,,,,,,,,,,,,,,,,,,,,,,,,,,,,,,,,,,,,,,,,,,,,,,,,,,,,,,,,,,,,,,,,,34.0,,,,,,,,,,,,,,,40.61,92853.164,0.23364,22.86864,,3.0,
COG,,,,,,,,,0.34,,,,,,,,,,,,,0.29,,,,,0.05,,0.05,,,,0.02,,,,,,,,,,,,,,,,,,,,,,,,,,,,,,,,,,,,,,,,100.0,,,,,,,,,,,,,133.0,,,,,27.0,,27.0,,,,10.0,,,,,,,,,,,,,,,,,,,,,,,,,,,,,,,,,,,,,,,,,,,,,,,,,,,,,,,,,,,,,,,2.0,,,,,,,,,,,,,,,,,,,,81.69,5702.174,1.02713,4.69191,,,
COK,,,,,,,,,,,,6.58,,,6.62,,,,,2.42,,,,,12.57,,,,,3.73,,,,,,,,,,,,,,,,,,,,,,,,,,,,,,,,,,,,,,,,,,,,,,10.0,,,10.0,,,,,4.0,,,,,22.0,,,,,6.0,,,,,,,,,,,,,,,,,,,,,,,,,,,,,,,,,,,,,,,,,8.0,,,,,,,,,,,,,,,,,,,,,,,,,,,,,,15.0,,,,,,,,,,1.0,,,,,853.4,17.029,,,0.5699,,
COL,5.18,5.5,5.77,5.98,6.16,6.42,6.72,7.04,7.28,7.51,7.76,7.22,7.99,8.66,9.22,9.7,10.08,10.36,10.76,11.26,11.62,12.11,12.56,13.12,13.68,14.41,14.91,15.42,15.92,16.21,16.47,8.32,,8.68,,,,,,,2300.0,,,,,,,,,,,,,,,,,,9635.0,10575.0,11628.0,12773.0,14188.0,15655.0,16795.0,18192.0,19492.0,20606.0,21637.0,22991.0,24486.0,26115.0,27523.0,28892.0,30344.0,28685.0,32208.0,35469.0,38300.0,40844.0,43016.0,44773.0,47075.0,49851.0,52050.0,54785.0,57439.0,60543.0,63694.0,67664.0,70730.0,74227.0,78035.0,80915.0,83361.0,42566.0,,45399.0,,,,,,,,,,,,,,,,,,,,,,,,,,,,,,,,,,,,,,,,,,,,,,,,,,,,,,,,,,,,,,,,,,,,,,,,,,,,,,,,,,1204.0,50930.662,13.99511,705.10167,,96.0,
COM,,,,,,,,,,,,,,,0.29,0.29,,,,0.33,,,0.26,,,,,,0.42,,0.4,,0.38,,,,,,,,,,,,,,,,,,,,,,,,,,,,,,,,,,,,,,,,,,,,,,17.0,17.0,,,,21.0,,,18.0,,,,,,32.0,,32.0,,32.0,,,,,,,,,,,,,,,,,,,,,,,3.0,,,,,,,,,,,,,,,,,,,,,,,,,,,,,,,,,,,,,,,,9.0,,,,,,,,,,,,,,,,,,,,168.6,806.166,0.29687,0.25946,0.07051,25.0,
CPV,,,,,,,,,,,,,,,,,0.06,0.06,0.06,0.06,0.08,0.06,,,,,0.08,,1.58,2.33,,,0.15,0.15,,,,,,,,,,,,,,,,,,,,,,,,,,,,,,,,,,,,,,,,,,,,,,,3.0,3.0,3.0,3.0,4.0,3.0,,,,,4.0,,81.0,120.0,,,8.0,8.0,,,,,,,,,,,,,,,,,,,,,,,,,,,,,,,,,,,,,74.0,,,,,,,,,,,,,,,,,,,,,,,,,,,,,,,,,,,,,,,,20.0,,,,2.0,369.7,582.64,6.12366,3.42313,0.36368,,
CRI,,,,,,,,,,,3.73,,,,,,,,,,,,9.66,10.03,9.24,9.37,9.69,10.03,10.34,10.54,10.64,10.73,10.89,,,,,,,,,,,,,,,,,,,,,,,,,,,,,,,,,,,,,,,,,,1467.0,,,,,,,,,,,,4504.0,4730.0,4406.0,4516.0,4715.0,4930.0,5126.0,5267.0,5355.0,5429.0,5536.0,,,,,,,,,,,,,,,,,,,438.0,,,,,,,,,,,,,,,260.0,254.0,252.0,253.0,264.0,264.0,283.0,235.0,,,,,,,,,,,,,,,,,,,,,,,,,,,,,,,,,,,,,,,,,,1636.0,5123.105,31.84496,161.74055,0.00991,94.0,
CUB,6.55,7.01,7.47,7.87,8.12,8.37,8.76,8.93,8.95,8.96,8.93,8.86,8.91,9.07,9.3,9.37,9.53,9.65,9.95,10.25,10.75,11.32,12.38,13.5,14.74,15.56,14.96,16.6,16.84,17.7,18.42,,,,,,,,,,,,,,,,,,,2319.0,,,,,3646.0,,,,,5335.0,,,,,6959.0,7515.0,8057.0,8531.0,8834.0,9148.0,9600.0,9816.0,9873.0,9918.0,9917.0,9877.0,9955.0,10167.0,10452.0,10554.0,10751.0,10887.0,11234.0,11572.0,12144.0,12793.0,13998.0,15249.0,16630.0,17542.0,16852.0,18675.0,18910.0,19825.0,20589.0,,,,,,,,,,,,,,,,,,,,,,,,,,,,,,,,,,,,,,,4590.0,,4865.0,,,,,,,,,,,,,,,,,,,,,,,,,,,,,,,,5216.0,4459.0,4402.0,,,,1150.0,,,,,,2599.0,11300.698,26.84976,304.4263,1.01469,100.0,
CYP,5.43,5.77,5.95,6.03,6.24,6.29,6.33,6.38,6.42,6.49,6.53,6.58,6.62,6.71,6.85,7.03,6.78,6.74,6.81,6.82,6.85,6.83,7.0,7.0,6.98,7.18,7.13,7.49,7.68,7.85,7.26,7.58,8.19,,143.0,,,,,173.0,,,,,176.0,,,,,,161.0,,,,182.0,187.0,204.0,222.0,234.0,301.0,330.0,374.0,397.0,417.0,428.0,461.0,482.0,498.0,527.0,543.0,557.0,573.0,587.0,604.0,619.0,634.0,650.0,671.0,697.0,728.0,715.0,723.0,743.0,757.0,772.0,783.0,816.0,829.0,839.0,876.0,882.0,939.0,976.0,1010.0,945.0,999.0,1090.0,,,,,,,,,,,,,,,,,,,,,,,,,,,37.0,,,,,,,,,,,,,,,,,,,,,,,,,,,,,,,,,,,,,,,,12.0,,,,,,,,,,,,,,,,3017.0,1237.537,14.4118,12.62474,,99.0,1.66
CZE,5.46,5.49,5.49,5.71,5.95,6.06,6.09,6.29,6.22,6.27,6.5,6.55,6.54,6.57,6.67,6.72,6.73,6.72,6.72,6.81,6.94,7.08,7.1,7.07,7.52,8.04,,7.51,7.44,7.41,7.5,7.56,7.39,,,,,,,,,,,,,,,,,,,,,,4743.0,4993.0,5149.0,5291.0,5381.0,5406.0,5379.0,5423.0,5483.0,5589.0,5626.0,5654.0,5665.0,5890.0,6137.0,6247.0,6271.0,6467.0,6386.0,6426.0,6658.0,6698.0,6697.0,6737.0,6843.0,6906.0,6933.0,6948.0,6974.0,7092.0,7263.0,7429.0,7461.0,7426.0,7906.0,8461.0,,7921.0,7844.0,7825.0,7914.0,7963.0,7886.0,,,,,,,,,,,,,,,,,,,,,,,,,,,,,,,,,,,,,5461.0,,,,,,,,,,,,,,,,,,,,,,,,,,,,,,,,,,,,,,,,3389.0,,,,,,3477.0,10530.953,79.32011,843.80737,3.17049,100.0,1.06
DEU,,,6.57,6.81,6.96,7.13,7.22,7.29,7.37,7.44,7.51,7.57,7.59,7.67,7.73,7.75,7.82,7.92,8.01,8.12,8.22,8.28,8.4,8.45,8.52,8.54,8.52,8.51,8.53,8.5,8.5,8.52,8.48,,,,,,,,,,,,,,,,,,,,,,,,,,,,,,,,,,53148.0,55462.0,56887.0,58468.0,59373.0,60065.0,60411.0,60778.0,61462.0,61997.0,62256.0,62972.0,63424.0,63620.0,63859.0,64366.0,64938.0,65726.0,66427.0,66974.0,67939.0,68495.0,69300.0,70058.0,70474.0,70735.0,71086.0,70998.0,71108.0,71270.0,71297.0,,,,,,,,,,,,,,,,,,,,,,,,,,,,,,,,,,,,226200.0,,,,,,,,,,,,,,,,,,,,,,,,,,,,,,,,,,,,,,68000.0,,,,,,,,,6739.0,83328.988,372.15466,30877.29968,8.14205,90.0,
DJI,,,,,,,,,,0.08,,,,,0.12,,,,,,,,,,0.19,,,,,,,,,,,,,,,,,,,,,,,,,,,,,,,,,,,,,,,,,,,,,,,,,6.0,,,,,10.0,,,,,,,,,,19.0,,,,,,,,,,,,,,,,,,,,,,,,,,,,,,,,,,,,,,,,,,,,,,,,,,,,,,,,,,,,,,,,,,,,,,,,,,,,,,,,,,,,,,,,,,,104.1,1090.156,0.76041,0.81972,,,
DMA,,,,,,,,0.58,,,,,,,,,,,,,,,,,,,,0.73,1.17,,,,,,,,,,,,,,,,,,,,,,,,,,,,,,,,,,,,,,,,,,,4.0,,,,,,,,,,,,,,,,,,,,5.0,8.0,,,,,,,,,,,,,,,,,,,,,,,,,,,,,,,,,,,,,,,,,,,,,,,,,,,,,,,,,,,,,,,,,,,,,,,,,,,,,,,,,,,,,,,675.4,71.995,26.91707,1.91111,,,
DNK,13.08,13.17,8.46,8.43,8.55,8.54,8.57,8.62,8.73,8.62,8.58,8.6,8.52,8.52,8.57,8.57,8.51,8.4,8.22,8.07,8.19,8.02,7.97,7.83,7.7,7.61,7.42,7.19,7.19,7.21,7.14,7.18,,,,,,,,,,,,,,,,,,,,,,,5150.0,5334.0,5527.0,5710.0,5887.0,6071.0,6241.0,6400.0,6524.0,6615.0,6725.0,6787.0,4374.0,4372.0,4452.0,4468.0,4508.0,4556.0,4631.0,4585.0,4582.0,4608.0,4579.0,4595.0,4631.0,4643.0,4627.0,4588.0,4513.0,4455.0,4544.0,4469.0,4455.0,4395.0,4346.0,4324.0,4251.0,4143.0,4164.0,4191.0,4166.0,4205.0,,,,,,,,,,,,,,,,,,,,,,,,,,,,,,,,,,,,,,,,,,,,,,,,,,,,,,,,,,,,,,,,,,,,,,,,,,,,,,,,,,,,6015.0,5825.641,321.66717,1867.59959,,,0.49
DOM,,,,,,,,,,,,,,,,,,,1.26,1.84,,1.92,,,,,,2.12,2.21,2.28,2.02,2.21,2.52,2.69,,,,,,,,,,,,,,,,,,,,,,,,,,,,,,,,,,,,,,,,,,,,,,,,,1205.0,1785.0,,1910.0,,,,,,2261.0,2378.0,2481.0,2221.0,2458.0,2824.0,3046.0,,,,,,,,,,,,,,,,,,,,,,,,,,,,,,,,,,,,,,,,,561.0,,,,,,,,,,,,,,,,,,,,,,,,,,,,,,,,,,,,,,,,,1140.0,10999.664,7.93904,82.31992,0.00279,75.0,
DZA,,,,,,,,,,,,,2.79,,,2.73,,3.11,,,,,,,,,,3.42,3.63,1.62,,,3.57,,,,,,,,,,,,,,,,,,,,,,,,,,,,,,,,,,,,,,,,,,,,8861.0,,,9022.0,,10621.0,,,,,,,,,,14263.0,15437.0,7018.0,,,16222.0,,,,,,,,,,,,,,,,,,,,,15.0,,,,,,,,,,,,,,,,46.0,,,,46.0,,,,,,,,,,,,,,,,,,,,677.0,,,,,389.0,,,,,,,,,,521.0,729.0,,,,,,750.5,43451.666,7.45774,323.74798,0.16933,70.0,
ECU,1.45,1.55,1.67,1.38,1.54,1.51,1.54,1.57,1.54,1.6,1.63,1.64,1.7,1.66,,,,,,2.27,,2.73,,,,5.27,3.18,3.0,,,,,,,,,,,,,,,,,,,,,,,,,,,,992.0,1129.0,1146.0,1152.0,1171.0,1152.0,1269.0,1386.0,1459.0,1517.0,1657.0,1826.0,1542.0,1751.0,1751.0,1815.0,1894.0,1892.0,1997.0,2062.0,2118.0,2230.0,2213.0,,,,,,3363.0,,4183.0,,,,8564.0,5243.0,5035.0,,,,,,,,,,,,,,,,,,,,,,,,,,,,,,,,,,,,,,,2379.0,,,,,,,,,,,,,,,,,,,,,,,,,,,,,,,,,,,,,,,,,,,,,,,,,934.5,17588.595,7.27955,125.70319,,100.0,
EGY,,,,,,,,,,,,,,,1.03,,,,,,,,,,1.5,1.7,1.73,1.84,1.87,,,,,,,,,,,,,,,,,,,,,,,,,,,,,,,,,,,,,,,,,,,,,,,,,,8193.0,,,,,,,,,,14623.0,16880.0,17552.0,19111.0,19746.0,,,,,,,,,,,,,,,,,,,,,,,,,,,,,,,,,,,,,,,,,,,,,,,,,,,,,,,,,,,,,,,,,,,1724.0,,,,,,,,,,,,2252.0,2359.0,2428.0,,,,,,582.2,107465.134,3.31943,329.32352,0.24186,,
EMR,,,,,,,,,,,,,,,,,,,,,,,,,,,,,,,,,2.9,,,,,,,,,,,,,,,,,,,,,,,,,,,,,,,,,,,,,,,,,,,,,,,,,,,,,,,,,,,,,,,,,,,,,,,,,,,,,,,,,,,,,,,,,,,,,,,,,,,,,,,,,,,,,,,,,,,,,,,,,,,,,,,,,,,,,,,,,,,,,,,,,,,,,,,,,
ERI,,,,,,,,,,,,,,,0.06,,,,,,,,,,,,,,0.58,,,0.18,0.2,,,,,,,,,,,,,,,,,,,,,,,,,,,,,,,,,,,,,,,,,,,,,,16.0,,,,,,,,,,,,,,186.0,,,60.0,67.0,,,,,,,,,,,,,,,,,,,,,,,,,,,,,,,,,,,,,,,,154.0,180.0,,,,,,,,,,,,,,,,,,,,,,,,,,,,,,,,,,,,,,,,,,81.85,3555.868,0.38675,2.382,,80.0,
ESP,2.65,2.87,3.0,3.09,3.32,3.5,3.7,3.78,3.97,4.14,4.28,4.49,4.62,4.71,4.87,5.04,5.21,5.39,5.56,5.73,5.94,6.19,6.63,6.92,7.13,7.42,7.64,7.83,8.02,8.18,8.34,8.47,6.03,,2788.0,2824.0,2893.0,2916.0,2924.0,3005.0,3126.0,3195.0,3226.0,3376.0,3361.0,3534.0,3537.0,3613.0,3664.0,3446.0,3703.0,3785.0,3820.0,3532.0,3946.0,4032.0,4065.0,4458.0,4682.0,5137.0,5722.0,7304.0,7503.0,9433.0,10347.0,11249.0,11808.0,12247.0,13242.0,14012.0,14877.0,15291.0,16133.0,16891.0,17538.0,18507.0,19292.0,20005.0,21055.0,22150.0,23300.0,24515.0,25697.0,26725.0,27826.0,29070.0,31187.0,32445.0,33286.0,34641.0,35716.0,36689.0,37787.0,38809.0,39764.0,40417.0,28833.0,,,,,,,,,,,,,,,,,,,,,,,,,,,,,,,,,,13400.0,,,,,,,,,,,,,,,,,,,,,,,,,,,,,,,,,,,,,,,,11200.0,,,,,,,,,3984.0,47363.807,178.03243,8306.28105,2.3964,100.0,
EST,5.17,5.31,5.52,5.82,6.05,6.4,6.98,7.34,7.41,7.55,7.54,8.08,7.82,8.22,8.19,8.78,8.87,8.68,9.25,8.96,9.0,8.88,9.04,9.03,9.3,9.43,9.55,9.6,9.66,9.82,10.15,10.11,10.18,,,,,,,,,,,,,,,,,,,,,,682.0,700.0,729.0,750.0,764.0,776.0,833.0,848.0,872.0,875.0,812.0,831.0,850.0,875.0,892.0,929.0,1002.0,1043.0,1045.0,1060.0,1053.0,1121.0,1079.0,1127.0,1116.0,1190.0,1194.0,1164.0,1237.0,1196.0,1198.0,1179.0,1196.0,1190.0,1223.0,1239.0,1257.0,1265.0,1277.0,1303.0,1349.0,1346.0,1375.0,,,,,,,,,,,,,,,,,,,838.0,,,,,,,,,,,,,,,,,,1099.0,,1172.0,,,,,,,,,,,,,,,,,,,,,,,,,,,,,,,,,,,,,,94.0,,68.0,,,,2617.0,1329.444,112.99741,149.04359,0.70909,,1.17
ETH,,,,,,,,,,,,,,0.01,,,,,,,,,,,,,,,0.17,0.13,0.16,,0.28,,,,,,,,,,,,,,,,,,,,,,,,,,,,,,,,,,,,,,,,,,,,,60.0,,,,,,,,,,,,,,,1889.0,1490.0,1889.0,,3522.0,,,,,,,,,,,,,,,,,,,,,,,,,,,,,,,,,,,,,,157.0,110.0,,195.0,317.0,,,,,,,,,,,,,,,,,,,,33.0,,,,,,,,,,,,,,,,98.0,,,130.0,180.0,75.11,117190.911,0.00059,0.05607,,66.0,
EUR,,,,,,,,,,,,,,,,,,,,,,,,,,,,,,,,,6.3,,,,,,,,,,,,,,,,,,,,,,,,,,,,,,,,,,,,,,,,,,,,,,,,,,,,,,,,,,,,,,,,,,,,,,,,,,,,,,,,,,,,,,,,,,,,,,,,,,,,,,,,,,,,,,,,,,,,,,,,,,,,,,,,,,,,,,,,,,,,,,,,,,,,,,,,,
FIN,8.39,8.6,8.74,8.85,9.06,9.32,9.44,9.58,9.67,9.7,9.71,9.66,9.6,9.53,7.93,7.79,7.54,7.44,7.56,7.4,7.33,7.31,7.36,7.2,7.29,7.31,7.27,7.18,7.17,9.78,9.75,9.68,,,,,,,,,,,,,,,,,,,,,,,2686.0,2845.0,3029.0,3149.0,3301.0,3486.0,3639.0,3765.0,3912.0,4053.0,4184.0,4311.0,4405.0,4482.0,4610.0,4759.0,4838.0,4922.0,4984.0,5011.0,5025.0,5010.0,4994.0,4966.0,4144.0,4085.0,3972.0,3937.0,4015.0,3952.0,3933.0,3939.0,3987.0,3915.0,3980.0,4003.0,3994.0,3953.0,3954.0,5400.0,5392.0,5361.0,,,,,,,,,,,,,,,,,,,,,,1151.0,,,,,,,,,,,,,,,,7500.0,,,,,,,,,,,,,,,,,,,,,,,,865.0,,,,,,,,,,,,,,,,700.0,,,,,,4710.0,5529.468,107.59267,593.69634,1.26533,,1.93
FJI,,,,,,,,,,0.39,,,,0.69,,,,,,1.89,,,,,,0.7,,,,1.17,,,,,,,,,,,,,,,,,,,,,,,,,,,,,,,,,,,,,,,,,,,,32.0,,,,60.0,,,,,,171.0,,,,,,64.0,,,,107.0,,,,,,,,,,,,,,,,,,,,,,,,,,,,,,,,,,,,,,,,,90.0,,,,,,,,,,,,,,,,,,,,,,,,,,,,,,,,,,,,177.0,,,,11.0,,,,,545.3,920.422,7.70041,6.89186,0.1236,,
FRA,7.05,7.13,7.17,7.19,7.24,7.18,7.14,7.09,7.18,7.22,7.16,7.12,7.1,7.1,7.08,7.07,7.03,6.98,6.9,6.83,6.8,6.49,6.5,6.53,6.5,6.53,6.58,6.57,6.55,6.64,6.66,6.79,6.94,,,,,,,,,,,,,,,,,,,,,,,,,,,,37647.0,38387.0,39396.0,40318.0,40185.0,40841.0,41236.0,41579.0,41966.0,41803.0,41654.0,41537.0,42188.0,42675.0,42572.0,42654.0,42850.0,43100.0,43291.0,43570.0,43629.0,43599.0,43311.0,43120.0,43146.0,41386.0,41641.0,42067.0,42065.0,42386.0,42801.0,42865.0,42941.0,43628.0,43877.0,44883.0,45989.0,,,,,,,,,,,,,,,,,,,,,,,,,,,,,,,,,,,,,,,,,,,,,,,,,,,,,,,,,,,,,,,,,,,,,,,,,,,,,,,,,,,5493.0,64480.053,195.39045,12665.99059,,,1.12
FSM,,,,,,,,,,,1.25,,,0.89,,1.17,,,1.29,,,,,,,,,,,,,,,,,,,,,,,,,,,,,,,,,,,,,,,,,,,,,,,,,,,,,,,,14.0,,,10.0,,13.0,,,14.0,,,,,,,,,,,,,,,,,,,,,,,,,,,,,,,,,,,,,,,,,,,,,,,,,,,,,,,,,,,,,,,,,,,,,,,,,,,,,,,,,26.0,,,,,,,,,,,,,,,,364.2,112.106,5.30098,0.5407,,65.0,
GAB,,,,,,,,,,,,,,,0.1,,,,0.19,,,,,,,,,0.17,0.18,0.15,0.15,,0.18,,,,,,,,,,,,,,,,,,,,,,,,,,,,,,,,,,,,,,,,,,,,,,14.0,,,,30.0,,,,,,,,,37.0,40.0,34.0,34.0,,44.0,,,,,,,,,,,,,,,,,,,,,,,,,,,,,,,,,,,,3.0,,32.0,32.0,,67.0,,,,,,,,,,,,,,,,,,,,,,52.0,,,,,,,,,,,,33.0,46.0,,9.0,9.0,,19.0,,432.2,2292.573,3.6869,7.66876,0.01841,100.0,
GBR,,,,,,,,4.48,,,,,,,,,,4.79,4.94,5.02,5.13,5.23,5.2,5.23,5.3,5.3,5.29,5.24,5.24,5.3,5.4,5.12,4.88,4.93,,,,,,,,,,,,,,,,,,,,,,,,,,,,,,,,,,,,,,26166.0,,,,,,,,,,29451.0,30617.0,31394.0,32298.0,33218.0,33268.0,33676.0,34348.0,34621.0,34867.0,34760.0,35000.0,35568.0,36394.0,34673.0,33286.0,33838.0,,,,,,,,,,,,,,,31522.0,,,,,,,,,,,,,,,,,,,,,,,,,,,,,,,,,,,,,,,,32563.0,,,,,,,,,,,,,,,,,,,,,,,,,,,5087.0,67059.474,143.22273,9576.87441,,100.0,
GEO,,,,,,,3.59,3.64,3.5,3.87,3.48,3.17,3.4,3.45,3.14,3.39,3.11,3.02,2.96,2.77,3.23,4.51,5.23,5.29,5.67,6.51,6.77,6.51,8.04,8.11,5.35,6.5,7.62,7.74,,,,,,,,,,,,,,,,,,,,,,,,,,,,,,,,,,,,,1726.0,1707.0,1603.0,1725.0,1504.0,1335.0,1404.0,1408.0,1272.0,1366.0,1242.0,1199.0,1167.0,1084.0,1257.0,1743.0,2009.0,2016.0,2152.0,2469.0,2566.0,2470.0,3050.0,3079.0,2031.0,2464.0,2891.0,2945.0,,,,,,,,,,,,,,,,,,,,,,,,,,,,,,,,,,,,156.0,,,,,,,,,,,,,,,,,,,,,,,,,,,,,,,,,,,,,,,,154.0,121.0,,,,,970.2,3765.912,3.1347,11.63915,0.30275,,0.98
GHA,,,,,,,,,,,,,,,0.05,,,0.01,0.02,,,,,,,,0.14,,0.23,,,,0.07,,,,,,,,,,,,,,,,,,,,,,,,,,,,,,,,,,,,,,,,,,,,,,104.0,,,31.0,45.0,,,,,,,,400.0,,713.0,,,,244.0,,,,,,,,,,,,,,,,,,,,,,,154.0,,,,88.0,,,,,,,,516.0,46.0,,,,396.0,488.0,504.0,,,,,,,,,,,,,,,,,,,,,135.0,,,13.0,15.0,,,,,,,,30.0,167.0,,,,,1550.0,137.0,193.2,32180.401,0.02802,0.84526,0.0549,53.0,
GIN,,,,,,,,,,,0.02,,,,0.02,0.02,,,,,,,,,,,0.04,,0.06,,,,0.03,,,,,,,,,,,,,,,,,,,,,,,,,,,,,,,,,,,,,,,,,,18.0,,,,22.0,17.0,,,,,,,,,,,50.0,,73.0,,,,39.0,,,,,,,,,,,,,,,,,,,,,,,,,,,,,,,,,,,,,,,,,50.0,,,,,,,,,,,,,,,,,,20.0,,,,38.0,16.0,,,,,,,,,,,,,,,,,,,119.6,13205.153,0.23461,3.19697,,,
GLOBAL,,,,,,,,,,,,,,,,,,,,,,,,,,,,,,,,,3.3,,,,,,,,,,,,,,,,,,,,,,,,,,,,,,,,,,,,,,,,,,,,,,,,,,,,,,,,,,,,,,,,,,,,,,,,,,,,,,,,,,,,,,,,,,,,,,,,,,,,,,,,,,,,,,,,,,,,,,,,,,,,,,,,,,,,,,,,,,,,,,,,,,,,,,,,,
GMB,,,,,,,,,,,,,,0.04,,0.06,0.06,0.06,0.07,,,,,,,0.08,,,0.02,0.05,0.03,0.04,0.03,,,,,,,,,,,,,,,,,,,,,,,,,,,,,,,,,,,,,,,,,,,,,7.0,,10.0,10.0,11.0,12.0,,,,,,,17.0,,,4.0,12.0,8.0,9.0,9.0,,,,,,,,,,,,,,,,,,,,,,,,,,24.0,24.0,,,,,,,,,,10.0,6.0,17.0,16.0,16.0,7.0,,,,,,,,,,,,,,,,,,,,36.0,,,,11.0,11.0,,,,,,,3.0,,,7.0,95.0,4.0,6.0,6.0,5.0,88.71,2573.995,0.01836,0.04313,0.01278,10.0,
GNB,,,,,,,,,,,,,,,0.02,,,,0.01,0.05,,,,,,,0.04,,,,0.03,0.01,0.1,0.1,,,,,,,,,,,,,,,,,,,,,,,,,,,,,,,,,,,,,,,,,,,,,3.0,,,,2.0,7.0,,,,,,,7.0,,,,5.0,2.0,20.0,21.0,,,,,,,,,,,,,,,,,,,,,,13.0,,,,1.0,,,,,,,,8.0,,8.0,,,21.0,2.0,,,,,,,,,,,,,,,,,,,,,,6.0,,,,3.0,6.0,,,,,,,4.0,,,,8.0,3.0,2.0,2.0,186.4,2015.828,0.25385,0.45084,0.02082,,
GNQ,,,,,,,,,,,,,,,0.06,,,,,,,,,,,,,,,,,,,,,,,,,,,,,,,,,,,,,,,,,,,,,,,,,,,,,,,,,,,,,,,,5.0,,,,,,,,,,,,,,,,,,,,,,,,,,,,,,,,,,,,,,,,,7.0,,,,,,,,,,,,,,,,,,,,,,,,,,,,,,,,,,,,,,,,3.0,,,,,,,,,,,,,,,,,,5.0,,607.4,1596.049,4.18934,5.6975,,,
GRC,9.79,9.95,10.04,10.31,10.38,10.14,10.8,10.96,11.19,11.33,11.47,11.43,12.04,11.98,12.16,12.24,12.87,13.06,13.26,13.3,13.18,13.07,12.86,12.68,12.62,12.29,12.27,12.33,12.39,12.56,12.78,13.01,13.35,,,,,,,,,,,,,,,,,,,,,,7646.0,7727.0,8007.0,8222.0,8379.0,8737.0,9080.0,9114.0,9206.0,9628.0,10038.0,10258.0,10403.0,10731.0,10865.0,10663.0,11419.0,11638.0,11947.0,12152.0,12362.0,12394.0,13107.0,13079.0,13316.0,13438.0,14180.0,14429.0,14689.0,14774.0,14661.0,14518.0,14208.0,13911.0,13746.0,13301.0,13225.0,13261.0,13300.0,13464.0,13668.0,13759.0,13904.0,,,,,,,,,,,,,,,,,,,,,,,,,,,,,,1210.0,,,,,,,,,,,,,,,,,,,,,,,,,,,,,,,,,,,,,,,,,,,,,,,,,,,,,2419.0,10512.232,77.14318,826.51203,,,0.44
GRD,,,,,,,,0.67,,0.84,0.84,0.83,0.83,0.83,,,1.73,,,,,,,,,,,1.47,1.9,,,,,,,,,,,,,,,,,,,,,,,,,,,,,,,,,,,,,,,,,,,7.0,,9.0,9.0,9.0,9.0,9.0,,,19.0,,,,,,,,,,,17.0,22.0,,,,,,,,,,,,,,,,,,,,,,,,,,,,,,,,,,,,,,,,,,,,,,,,,,,,,,,,,,,,,,5.0,5.0,4.0,4.0,4.0,,,,,,,,,,,,,,,,,,,,,879.5,123.663,32.03835,3.49218,,,
GTM,,,,,,,,,,1.79,,,,,,,,1.74,,,,,,,,,,,,,2.59,,,2.68,,,,,,,,,,,,,,,,,,,,,,,,,,,,,,,,,,,,,,,,2046.0,,,,,,,,2376.0,,,,,,,,,,,,,4493.0,,,4864.0,,,,,,,,,,,,,,,,,,,,,,,,,,,,,,,,,,,,,,,,,,,,,,,,,,,,,,,,,,,,,,,,,,,,,,,,,,,,,,,,,,529.1,17362.718,9.21889,162.37232,,,
GUY,,,,,,,,,,,0.39,,,,,,,,,0.39,,,,,,,,,1.18,0.67,0.68,,,,,,,,,,,,,,,,,,,,,,,,,,,,,,,,,,,,,,,,,,,,30.0,,,,,,,,,29.0,,,,,,,,,93.0,54.0,55.0,,,,,,,,,,,,,,,,,,,,,,,,,,,,,,6.0,,,,,,,,174.0,55.0,,,,,,,,,,,,,,,,,,,,,,,,,,,,,,,29.0,,,,,,,,,,,,,,,673.6,797.202,14.37899,11.2875,,82.0,
HND,,,,,,,,,,,1.74,,,,,,,,0.3,,,,,,,,,0.32,,,,,,7.1,,,,,,,,,,,,,,,,,,,,,,,,,,,,,,,,,,,,,,,,,1141.0,,,,,,,,236.0,,,,,,,,,308.0,,,,,,7558.0,,,,,,,,,,,,,,,,,,,,,,,,,,,,,,,,,,,,,,,,,,,,,,,,,,,,,,,,,,230.0,,,,,,,,,,,,,,,,,,,,,,,,435.7,10121.763,5.41988,51.99831,,80.0,
HRV,4.68,4.3,4.25,5.66,5.54,5.78,6.07,6.3,6.66,6.65,6.88,7.02,7.03,7.16,7.41,7.46,7.48,7.57,7.63,7.64,7.34,7.39,7.57,7.6,7.89,8.0,8.08,8.42,8.62,8.88,8.92,9.25,9.46,,,,,,,,,,,,,,,,,,,,,,1715.0,1785.0,1875.0,1938.0,2014.0,2087.0,2185.0,2229.0,2283.0,2286.0,2262.0,2075.0,2032.0,2678.0,2589.0,2672.0,2769.0,2837.0,2959.0,2918.0,2974.0,3021.0,3027.0,3085.0,3193.0,3218.0,3230.0,3265.0,3290.0,3293.0,3158.0,3162.0,3223.0,3225.0,3327.0,3347.0,3341.0,3433.0,3470.0,3539.0,3526.0,3629.0,3697.0,,,,,,,,,,,,,,,,,,,,,,,,,,,,,,,,,,,,,,1309.0,,,,,,,,,,,,,,,,,,,,,,,,,,,,,,,,,,,,,,,,1958.0,,,,,2168.0,4096.869,36.80249,149.41812,4.74058,100.0,
HTI,,,,,,,,,0.12,,,,,,,,,,,,,0.05,,0.1,,0.06,,,0.22,,,,,,,,,,,,,,,,,,,,,,,,,,,,,,,,,,,,,,,,,,,,94.0,,,,,,,,,,,,,50.0,,104.0,,62.0,,,237.0,,,,,,,,,,,,,,,,,,,,,,,,,,,,,,,,,,,,,,,,,16.0,,,,,,,,,,,,,,,,,,,,,,,,,,,,,,,,,,,,,,,,2.0,,,,,,143.5,11306.801,2.33622,26.27779,0.00178,,
HUN,2.27,2.34,3.25,3.36,3.51,3.5,3.57,3.72,4.39,4.51,3.24,3.58,4.78,5.29,5.11,4.48,4.97,4.0,5.06,4.92,5.27,5.26,5.66,6.03,6.29,6.03,6.2,6.73,7.03,7.31,6.75,7.1,7.43,,,,,,,,,,,,,,,,,,,,,,,,,,,2808.0,2843.0,2178.0,2604.0,2302.0,2361.0,2430.0,3368.0,3483.0,3632.0,3610.0,3678.0,3828.0,4505.0,4611.0,3305.0,3640.0,4843.0,5352.0,5150.0,4508.0,4997.0,4013.0,5064.0,4920.0,5257.0,5236.0,5609.0,5963.0,6203.0,5936.0,6083.0,6589.0,6870.0,7145.0,6578.0,6894.0,7198.0,,,,,,,,,,,,,,,,,,,,,,,,,,,,,,,,,,,,,2864.0,,,,,,,,,,,,,,,,,,,,,,,,,,,,,,,,,,,,,,,,111.0,,,,,,2156.0,9750.573,37.29101,363.8857,0.11461,,2.03
IDN,,,,,,,,,,,,,,0.23,,,,,,0.22,0.35,,0.42,,,0.49,,0.54,0.57,0.58,1.18,1.23,1.46,1.03,,,,,,,,,,,,,,,,,,,,,,,,,,,,,,,,,,,,,,,,,,,,5267.0,,,,,,5442.0,8731.0,,10566.0,,,12740.0,,14455.0,15364.0,15737.0,32418.0,33929.0,40583.0,28942.0,,,,,,,,,,,,,,,,,,,,,1629.0,,,,,,,,,13581.0,,,,,,19105.0,21136.0,22883.0,23388.0,24055.0,17280.0,,,,,,,,,3778.0,,,,,,,,,,,197.0,,,,,,7231.0,9723.0,,,,,,,,1034.0,1046.0,1037.0,1033.0,984.0,1215.0,358.3,271857.97,0.99865,266.63728,0.01061,84.0,
IND,,0.15,,,,,,,,,0.37,0.44,0.43,0.42,0.49,0.48,0.67,0.61,0.77,0.85,,0.93,0.95,,1.18,,1.47,1.85,1.59,,1.59,,,,,,,,,,,,,,,,,,,,,,,,,,,,,,,,,,,13016.0,,,,,,,,,39105.0,47204.0,47165.0,47318.0,55058.0,55344.0,78096.0,73057.0,93332.0,104603.0,,117825.0,120897.0,,154436.0,,197734.0,251207.0,217901.0,,222816.0,,,,,,,,,,,,6366.0,,,,,,,,,,,,,12518.0,,,,,,,,,,,,,3097.0,,,3532.0,,,,,,,,,,,,,,,,,,,,,,,,,,,,,,,,,,,,,2388.0,,,3176.0,,,,211.0,1396387.127,0.04771,64.49879,0.02261,30.0,
IRL,3.74,3.81,3.93,4.01,4.16,4.34,4.42,4.55,4.62,4.78,4.99,5.19,5.35,5.44,5.5,5.6,5.66,5.77,6.05,5.96,5.97,5.82,5.79,5.73,5.92,6.01,6.2,6.47,6.6,6.78,6.61,4.63,4.56,4.75,,,,,,,,,,,,,,,,,,,,,1033.0,1048.0,1069.0,1109.0,1131.0,1168.0,1205.0,1201.0,1212.0,1242.0,1313.0,1348.0,1400.0,1433.0,1494.0,1568.0,1609.0,1671.0,1713.0,1794.0,1899.0,2006.0,2102.0,2171.0,2237.0,2327.0,2414.0,2537.0,2714.0,2702.0,2721.0,2667.0,2661.0,2649.0,2758.0,2828.0,2949.0,3113.0,3217.0,3346.0,3292.0,2329.0,2330.0,2466.0,,,,,,,,,,,,,,,,,,,,,,,,,,,,,,,,,,,,,,,,,,,,,,,,,,,,,,,,,,,,,,,,,,,,,,,,,,,,,,,,,,6010.0,4946.119,103.99716,514.78594,,100.0,0.55
IRN,,,,,,,,,,,,,,,1.52,1.84,1.3,,,,,,,,3.41,3.17,,3.1,4.25,,,,,5.26,,,,,,,,,,,,,,,,,,,,,,,,,,,,,,,,,,,,,,,,,,,,,10648.0,13210.0,9522.0,,,,,,,,27783.0,26188.0,,26361.0,36600.0,,,,,47640.0,,,,,,,,,,,,,,,,,,,,,,,,4743.0,,,,,,,,,,,,,,,,,,,,,,,,,,,,,,,,,,,,,,2487.0,,,,,,,,,,,,,,,,,,,,868.2,87290.193,42.11735,3507.06964,,95.0,
IRQ,,,,,,,,,,,,,,,,,,,,,1.55,,,,2.16,1.94,2.01,2.42,,3.47,3.33,4.36,5.02,,,,,,,,,,,,,,,,,,,,,,,,,,,,,,,,,,,,,,,,,,,,,,,,,,,,4799.0,,,,7891.0,7277.0,7746.0,9524.0,,14309.0,14003.0,18796.0,22134.0,,,,,,,,,,,,,,,,,,,,,,,,,,,,,,,,,,,,540.0,,,,,,,,,,,,,,,,,,,,,,,,,,,,,,,,,,,,,,,,554.0,,,,,,,483.3,42556.984,0.00033,0.0131,0.32002,,
ISL,9.03,9.35,9.84,10.01,10.26,10.09,10.3,10.47,9.89,10.02,10.06,10.0,10.01,9.95,9.82,9.74,9.41,9.43,9.48,9.23,9.4,8.87,8.42,8.4,8.37,8.4,8.28,8.12,8.19,7.9,7.91,7.89,7.91,7.84,,,,,,,,,,,,,,,,,,,,,168.0,176.0,180.0,191.0,193.0,197.0,205.0,213.0,215.0,219.0,230.0,241.0,257.0,264.0,273.0,270.0,277.0,284.0,271.0,278.0,283.0,285.0,288.0,288.0,287.0,289.0,286.0,294.0,301.0,294.0,299.0,283.0,270.0,272.0,274.0,278.0,278.0,279.0,289.0,285.0,290.0,294.0,301.0,304.0,,,,,,,,,,,,,,,,,,,,,,,25.0,19.0,19.0,18.0,14.0,,,,,,,,,,212.0,,,331.0,319.0,,,,,,,,,,,,,,,,,,,,,,,,,,,,,,,,,,,,104.0,,,108.0,111.0,5636.0,366.669,407.53504,145.49001,3.06751,100.0,
ISR,10.27,11.14,11.0,10.9,10.88,10.82,8.85,9.45,10.02,9.53,8.18,8.2,8.87,9.48,8.97,8.37,8.13,8.19,8.28,8.47,8.68,7.85,7.06,6.97,7.98,8.24,7.96,7.18,7.99,8.66,9.09,11.56,9.01,8.97,,,,,,,,,,,,,,,,,,,,,2229.0,2388.0,2556.0,2794.0,3023.0,3197.0,3378.0,3552.0,3825.0,4114.0,4666.0,5324.0,5454.0,5545.0,5677.0,5791.0,4867.0,5333.0,5800.0,5667.0,5000.0,5133.0,5667.0,6167.0,5933.0,5633.0,5567.0,5700.0,5867.0,6100.0,6367.0,5867.0,5367.0,5400.0,6300.0,6633.0,6533.0,6000.0,6800.0,7500.0,8000.0,10339.0,8200.0,8300.0,,,,,,,,,,,,,483.0,,,,,,,,,,,,,,,,,,6800.0,7600.0,7900.0,8200.0,7300.0,7400.0,7400.0,8500.0,8700.0,,,,,,,,,,,,,,2750.0,,,,,,,,,,,,,,,3559.0,3571.0,3550.0,3506.0,3473.0,3454.0,3429.0,,,,,3334.0,,,3326.0,8757.489,201.81499,1827.23291,,,
ITA,2.36,3.44,4.0,4.2,4.18,4.01,4.72,4.9,5.42,6.12,5.59,5.41,5.4,5.37,5.67,5.98,6.3,5.68,4.8,5.19,5.66,5.83,6.53,7.76,7.85,7.86,8.03,8.21,8.35,8.64,8.63,8.32,8.82,,,,,,,,,,,,,,,,,,,,,,,,,,,,2636.0,4010.0,5622.0,8628.0,13430.0,19651.0,22868.0,24000.0,24000.0,23000.0,27000.0,28000.0,31000.0,35000.0,32000.0,31000.0,31000.0,31000.0,33000.0,35000.0,37000.0,33568.0,28566.0,31085.0,34023.0,35183.0,39511.0,47038.0,47610.0,47604.0,48559.0,49552.0,50305.0,51954.0,51678.0,49721.0,52559.0,,,,,,,,,,,,,,,,,,,,,,,,,,,,,,,,,,,,,,,,,,,,,,,,,,,,,,,,,,,,,,,,,,,,,,,,,,,,,,,,,,,3998.0,59500.579,316.81519,19122.96491,,99.0,2.01
JAM,,,,,,,,,,,,,,0.8,,,,,0.17,,,,0.13,0.13,0.13,0.13,0.16,0.93,,,,,,,,,,,,,,,,,,,,,,,,,,,,,,,,,,,,,,,,,,,,,,,,,,212.0,,,,,46.0,,,,35.0,35.0,36.0,37.0,45.0,262.0,,,,,,,,,,,,,,,,,,,,,,,,,,,,,,,,195.0,,,,113.0,124.0,124.0,121.0,140.0,,76.0,,,,,,,,,,,,,,,,,,,,,,,,,,,,,,3.0,,,,2.0,2.0,2.0,2.0,1.0,,,,,,,,597.9,2820.436,15.62345,44.91742,0.00339,95.0,
JOR,,,,,,,,,4.84,5.14,5.36,5.22,4.24,6.05,6.75,6.96,7.15,7.16,7.29,6.14,7.8,,,8.51,7.83,7.13,6.71,6.94,6.79,7.42,,,7.94,,,,,,,,,,,,,,,,,,,,,,,,,,,,,,,,,,,,,,,,2501.0,2710.0,2885.0,2869.0,2382.0,3472.0,3973.0,4194.0,4597.0,4891.0,5094.0,4383.0,5691.0,,,6804.0,6881.0,6806.0,6713.0,7107.0,7107.0,7917.0,,,8938.0,,,,,,,,,,,,,,,,,,,,,,,700.0,,,,,,,,,,,,,,,,,,,,,,,,,,,,,,,,,,,,,,,,2597.0,,,,,,,,,,,,,,,,,,,,797.5,10928.721,7.41709,74.69007,,,
JPN,5.84,,6.08,,6.31,,6.62,,6.77,,6.96,,7.1,,7.25,,7.39,,7.55,,7.7,,7.79,,7.92,,7.99,,8.02,,8.25,,8.16,,,,,,,,,,,,,,,,,,,,,,51597.0,54954.0,56327.0,,61283.0,,64904.0,,68692.0,,72087.0,,75629.0,,79092.0,,83404.0,,85671.0,,88416.0,,90510.0,,92704.0,,94608.0,,96690.0,,98739.0,,99686.0,,100994.0,,101584.0,,101811.0,,104152.0,,101956.0,,,,,,,,,,,,,,,,,,,,,,,,,,,,,,,,,,,123831.0,,,,,,,,,,,,,,,,,,,,,,,,,,,,,,,,,,,,,,,,34640.0,,,,,,,,4587.0,125244.761,227.70114,28733.60743,2.73056,,
KAZ,4.04,4.0,4.11,4.24,3.98,4.01,3.68,2.63,2.42,3.84,2.55,2.78,3.2,3.31,3.42,3.27,3.49,3.52,3.43,3.42,3.95,3.83,4.0,3.65,3.61,2.61,3.01,2.5,2.49,2.34,2.34,2.3,2.21,2.13,,,,,,,,,,,,,,,,,,,,,4623.0,4741.0,4867.0,5154.0,5488.0,5793.0,6135.0,6497.0,6315.0,6705.0,6924.0,6910.0,7130.0,7326.0,6786.0,6716.0,6034.0,4215.0,3791.0,5928.0,3953.0,4337.0,5006.0,5215.0,5421.0,5224.0,5612.0,5717.0,5636.0,5691.0,6657.0,6532.0,6920.0,6406.0,6430.0,4717.0,5528.0,4666.0,4717.0,4500.0,4566.0,4532.0,4427.0,4338.0,,,,,,,,,,,,,,,,,,,,,,,,,,,,,,,,,,,,,,,,,,,,,,,,,,,,,,,,,,,,,,,,,,,,,,,,,,,,,,,,,,765.5,18979.243,3.27193,60.97902,,,
KEN,,,,,,,,,,,,,0.23,,,,,,0.25,0.25,0.22,0.22,0.22,0.23,0.24,,,,0.17,0.25,0.05,,0.25,,,,,,,,,,,,,,,,,,,,,,,,,,,,,,,,,,,,,,,,,,,,746.0,,,,,,974.0,1004.0,898.0,930.0,985.0,1045.0,1090.0,,,,841.0,1300.0,246.0,,1344.0,,,,,,,,,,,,,,,,,,,,,,,,,,,,,,,,,,,,,,464.0,,246.0,987.0,382.0,,,,,,,,,,,,,,,,,,,594.0,,,,,,,,,,,,,,,,,468.0,,261.0,987.0,,207.6,51985.78,0.00064,0.0316,0.08902,17.0,
KGZ,2.79,2.84,2.83,2.64,2.58,2.3,2.36,2.61,2.61,2.53,2.23,2.12,2.06,1.92,2.04,1.99,1.93,1.92,1.87,1.92,1.86,1.71,1.71,1.69,1.64,1.7,1.76,1.81,1.84,1.76,1.74,1.71,1.54,1.56,,,,,,,,,,,,,,,,,,,,,554.0,,646.0,708.0,748.0,867.0,967.0,1067.0,1149.0,1228.0,1246.0,1285.0,1301.0,1223.0,1200.0,1082.0,1128.0,1263.0,1279.0,1257.0,1120.0,1077.0,1053.0,992.0,1060.0,1044.0,1017.0,1021.0,1001.0,1037.0,1022.0,955.0,973.0,981.0,965.0,1018.0,1074.0,1128.0,1166.0,1143.0,1160.0,1164.0,1071.0,1105.0,,,,,,,,,,,,,,,,,,,,,,,,,,,,,,,,,,,,1189.0,,,,,,,,,,,,,,,,,,,,,,,,,,,,,,,,,,,,,,,,290.0,,,,,,260.4,6424.874,0.60483,3.86428,0.45201,75.0,
KHM,,,,,,,0.06,,0.06,,0.17,,,,,,,,0.18,0.17,0.17,0.2,0.15,0.16,0.16,0.16,0.3,0.31,0.31,,,,,,,,,,,,,,,,,,,,,,,,,,,,,,,,,,,,,,,,,,64.0,,68.0,,209.0,,,,,,,,258.0,245.0,242.0,292.0,223.0,239.0,252.0,250.0,476.0,500.0,497.0,,,,,,,,,,,,,,,,,,,125.0,,143.0,,,,,,,,,,,,,,61.0,58.0,125.0,,,,383.0,,,,,,,,,,,,,,,,,,,,,,,,,,,,,,,,,,,,,,,,,,,,,,316.1,16396.86,0.00139,0.02292,,,
KIR,,,,,,,,,0.47,,,,,,0.31,,,,,,0.37,0.27,,0.62,,,0.68,,,,,,,,,,,,,,,,,,,,,,,,,,,,,,,,,,,,,,,,,,,,,,4.0,,,,,,3.0,,,,,,4.0,3.0,,7.0,,,8.0,,,,,,,,,,,,,,,,,,,,,,,,,,,,,,,,,,,,,,,,,,,,,,,,,,,,,,,,,,,,,,,,,,,,,,,,,,,,,,20.0,,,,,,,,,,,247.0,126.463,2.61269,0.30568,,,
KNA,2.97,1.73,2.21,2.18,2.39,2.6,2.56,2.3,2.73,3.14,,3.28,,,,,,,,,,,,,,4.25,,,2.55,,,,,,,,,,,,,,,,,,,,,,,,,,,,,,,,,,,,12.0,7.0,9.0,9.0,10.0,11.0,11.0,10.0,12.0,14.0,,15.0,,,,,,,,,,,,,,20.0,,,12.0,,,,,,,,,,,,,,,,,,,,,,,,,,,,,,,,,,,,,,,,,,,,,,,,,,,,,,,,,,,,,,,,,,,,,,,,,,,,,,,,,,,,,,,1507.0,47.642,56.98299,3.01064,,,
KOR,1.76,1.85,2.01,2.16,2.29,2.44,2.53,2.68,2.79,3.02,3.08,3.13,3.3,3.37,3.58,3.71,3.86,3.96,4.08,4.21,4.29,4.36,4.41,4.49,4.54,4.62,4.71,4.91,4.99,5.12,5.2,5.3,5.41,,,,,,,,,,,,,,,,,,,,,,,2908.0,3438.0,3506.0,3870.0,4301.0,4792.0,5504.0,6185.0,6685.0,7751.0,8223.0,8962.0,9693.0,10343.0,11082.0,11535.0,12318.0,12875.0,14058.0,14410.0,14729.0,15626.0,16033.0,17085.0,17771.0,18515.0,19092.0,19751.0,20415.0,20936.0,21410.0,21888.0,22482.0,22952.0,23540.0,24150.0,25300.0,25792.0,26486.0,26978.0,27491.0,27987.0,,,,,,,,,,,,,,,,,,,,,,,25626.0,,,,,,,,,,,,,,79230.0,,,,,,,,,,,,,,,,,,,,,,,,,,18946.0,,,,,,,,,,,,,,34935.0,,,,,,3521.0,51844.69,139.92966,7254.6532,6.81987,,
KWT,,,,,,,,,,,,3.35,,,,,3.14,3.39,3.63,3.77,5.55,5.86,6.14,6.27,6.19,6.75,4.64,4.68,4.72,4.85,8.1,,,,,,,,,,,,,,,,,,,,,,,,,,,,,,,,,,,,,,,,,,,,,673.0,,,,,742.0,850.0,961.0,1054.0,1634.0,1836.0,2050.0,2198.0,2269.0,2587.0,1859.0,1943.0,2040.0,2153.0,3564.0,,,,,,,,,,,,,,,,,,,,,,,,,,,,,,,,,,,,,,,,,,,,,,,,,,,,,,,,,,,,,,,,,,,,,,,,,,,,,,,,,,,,,2861.0,4360.444,46.41254,218.18533,,,
LAO,,,,,,,,,,,,,,,,,,,,0.37,,,0.49,,0.51,,,0.7,0.62,,0.76,,,,,,,,,,,,,,,,,,,,,,,,,,,,,,,,,,,,,,,,,,,,,,,,,,,,,228.0,,,321.0,,341.0,,,494.0,439.0,,559.0,,,,,,,,,,,,,,,,,,,,,,,,,,,,,,96.0,,,,,,,,,91.0,,,,,,,,,,,,,,,,,,,,,,,,,,,,,,,,,,,,,,,,,,,,,,212.4,7319.399,0.63156,4.52388,,94.0,
LBN,,,,,,,,,,,,9.73,,,,,8.54,8.67,,9.94,10.7,12.29,,9.18,8.62,8.54,10.43,10.92,11.7,,12.5,,,,,,,,,,,,,,,,,,,,,,,,,,,,,,,,,,,,,,,,,,,,,4283.0,,,,,4058.0,4200.0,,4964.0,5395.0,6261.0,,5270.0,5469.0,5527.0,6595.0,6727.0,7001.0,,7128.0,,,,,,,,,,,,,,,,,,,,,,,,,,,,,,,,,,,,,,,,,,,,,,,,,,,,,,,,,,,,,,,,,,,,,,,,,,,,,,,,,,,,,1289.0,5662.923,17.29434,104.90746,,50.0,
LBR,,,,,,,,,,,,,,,0.01,,,,0.01,,,,,,,,,,0.01,0.01,0.01,0.01,0.02,,,,,,,,,,,,,,,,,,,,,,,,,,,,,,,,,,,,,,,,,,,,,,3.0,,,,4.0,,,,,,,,,,3.0,4.0,6.0,6.0,8.0,,,,,,,,,,,,,,,,,,,,,,,7.0,,,,,,,,,,,,,,,,,,9.0,,,,,,,,,,,,,,,,,,,,,,3.0,,,,,,,,,,,,,,,,,,,,126.0,5087.584,0.16274,0.74502,,90.0,
LBY,,,,,,,,1.37,,,,,,,1.48,,,,3.28,5.96,,,,,7.13,7.64,,8.57,,,5.8,,,,,,,,,,,,,,,,,,,,,,,,,,,,,,,,,,,,,,,,,693.0,,,,,,,850.0,,,,2046.0,3792.0,,,,,4583.0,4987.0,,5776.0,,,4086.0,,,,,,,,,,,,,,,,,,,,,,,,,,,,,,,,,,,,,,,,,,,,,,,,,,,,,,,,,,,,,,,,,,,,,,,,,,,,,,,,,,,,,,6653.942,9.34287,61.45738,,,
LCA,,,,,,,,,,0.57,,1.69,,,,,,,,,1.64,2.45,2.84,3.11,2.24,,,1.76,,,,,,,,,,,,,,,,,,,,,,,,,,,,,,,,,,,,,,,,,,,,,,9.0,,27.0,,,,,,,,,28.0,42.0,49.0,54.0,39.0,,,31.0,,,,,,,,,,,,,,,,,,,,,,,,,,,,,,,,,,,,,,,,,,,,,,,,,,,,,,,,,,,,,,,,,,,,,,,,,,,,,,,,,,,,,,,,697.7,179.237,29.98336,5.39701,,,
LKA,0.22,0.19,0.21,0.23,,0.22,0.24,0.25,0.26,0.28,0.33,,0.38,,0.38,0.47,0.58,0.64,0.64,0.41,0.5,0.55,0.58,0.6,0.63,0.63,0.66,0.67,0.62,1.03,1.02,1.01,,0.96,,,,,,,,,,,,,,,,,,,,,218.0,,,,,,,,355.0,,355.0,317.0,358.0,390.0,,387.0,421.0,462.0,481.0,521.0,637.0,,751.0,,771.0,954.0,1181.0,1314.0,1314.0,858.0,1046.0,1147.0,1223.0,1279.0,1360.0,1360.0,1443.0,1473.0,1380.0,2300.0,2300.0,2282.0,,2200.0,,,,,,,,,,,,,,,,,,,,,,448.0,,,402.0,,,,,,,,,375.0,368.0,380.0,365.0,365.0,357.0,,360.0,,,,,,,,,,,,,,,,,,,,,26.0,,,27.0,,,,,,,,50.0,40.0,42.0,30.0,66.0,78.0,65.0,,54.0,569.6,21715.079,1.8248,40.0251,0.02626,100.0,
LSO,,,,,,,,,,,,,,0.02,,,,,,,,,,,,,,,0.73,0.17,,,0.37,,,,,,,,,,,,,,,,,,,,,,,,,,,,,,,,,,,,,,,,,,,,,3.0,,,,,,,,,,,,,,,159.0,37.0,,,84.0,,,,,,,,,,,,,,,,,,,,,,9.0,,,,,,,,,,,,,,,,47.0,,,63.0,,,,,,,,,,,,,,,,,,,,,4.0,,,,,,,,,,,,,,,,6.0,,,13.0,,313.6,2254.1,4.56139,9.34172,0.02823,,
LTU,6.05,5.73,5.53,5.27,4.97,4.7,4.64,5.89,6.27,6.5,6.85,6.95,6.5,6.72,6.49,7.13,6.6,7.18,6.9,7.42,7.93,8.21,8.99,9.05,9.1,9.1,9.71,10.03,10.32,10.54,11.09,10.5,11.02,16.84,,,,,,,,,,,,,,,,,,,,,1924.0,1964.0,2031.0,2113.0,2134.0,2156.0,2178.0,2224.0,2230.0,2259.0,2236.0,2120.0,2044.0,1938.0,1816.0,1706.0,1671.0,2106.0,2226.0,2288.0,2396.0,2415.0,2237.0,2294.0,2190.0,2368.0,2158.0,2321.0,2206.0,2347.0,2456.0,2486.0,2685.0,2678.0,2669.0,2644.0,2787.0,2839.0,2892.0,2946.0,3100.0,2934.0,3104.0,4806.0,,,,,,,,,,,,,,,,,,,,,,,,,,,,,,,,,,,,,,,,,,,,,,,,,,,,,,,,,,,,,,,,,,,,,,,,,,,,,,,,,,2797.0,2820.267,71.47407,198.98382,,,0.94
LUX,5.19,5.12,5.23,5.11,5.22,5.46,5.58,5.85,6.18,6.26,5.96,6.23,6.45,6.49,7.72,7.95,7.93,8.04,8.14,8.19,8.32,8.41,8.31,8.47,8.56,8.89,9.43,9.74,,,,,,,,,,,,,,,,,,,,,,,,,,,131.0,121.0,141.0,147.0,158.0,168.0,181.0,175.0,179.0,192.0,198.0,198.0,205.0,203.0,210.0,223.0,231.0,245.0,262.0,269.0,260.0,275.0,288.0,293.0,354.0,370.0,375.0,386.0,398.0,408.0,422.0,436.0,441.0,460.0,476.0,506.0,550.0,581.0,,,,,,,,,,,,,,,,,,,,,,,,,,,,,,,,,,,,,,,,,,,,,,,,,,,,,,,,,,,,,,,,,,,,,,,,,,,,,,,,,,,332.0,,,,,6757.0,630.399,345.35041,212.04515,5.39197,,2.0
LVA,5.79,5.58,3.69,3.4,3.56,3.57,4.68,4.41,4.14,4.69,5.22,5.3,5.46,5.56,6.04,6.34,6.49,6.65,6.96,7.05,7.09,7.07,7.1,7.25,7.02,7.17,7.2,7.1,7.06,7.13,7.16,7.15,7.08,,,,,,,,,,,,,,,,,,,,,,,,,,,1483.0,1500.0,1500.0,1500.0,1500.0,1539.0,1478.0,966.0,872.0,898.0,887.0,1149.0,1074.0,997.0,1122.0,1237.0,1240.0,1261.0,1273.0,1367.0,1421.0,1441.0,1463.0,1515.0,1510.0,1488.0,1456.0,1445.0,1459.0,1400.0,1419.0,1411.0,1380.0,1361.0,1364.0,1362.0,1349.0,1331.0,,,,,,,,,,,,,,,,,,,,,,,,,,,,,,,,,,,,,,976.0,,,,,,,,,,,,,,,,,,,,,,,,,,,,,,,,,,,,,,,,189.0,,,,,2098.0,1897.052,58.08059,112.03745,0.99122,100.0,0.0
MAR,,,,,,,,,,,,,,,1.03,,,,,0.83,,,,,1.36,1.41,,1.37,,,,1.4,,,,,,,,,,,,,,,,,,,,,,,,,,,,,,,,,,,,,,,,,,,,,,,3091.0,,,,,2668.0,,,,,4655.0,4872.0,,4855.0,,,,5174.0,,,,,,,,,,,,,,,,,,,,,,,,,,,,,,,,,,,,,,,,,,,,,,,,,,,,,,,,,,,,,,,,,,,,,,,,,,,,,,,,,,,,424.5,36688.772,2.30685,82.09379,,60.0,
MCO,,,11.65,,,10.76,,,,,,,,,,,,,,,,11.21,10.66,10.73,10.53,,,,9.16,9.45,9.19,,,,,,,,,,,,,,,,,,,,,,,,30.0,30.0,32.0,,,,,,,31.0,,,36.0,,,34.0,,,,,,,,,,,,,,,,38.0,37.0,38.0,38.0,,,,35.0,36.0,35.0,,,,,,,,,,,,,,,,,,,,,,,,,,,,,,,,,,,,,,,,,,,,,,,,,,,,,,,,,,,,,,,,,,,,,,,,,,,,,,,,,,,,,3080.0,36.922,867.22083,33.79299,,,66.67
MDA,4.38,4.26,4.31,4.27,4.34,4.36,4.19,4.28,4.24,4.0,3.14,3.11,3.29,3.35,3.47,3.64,3.76,3.99,4.2,4.3,4.52,4.7,4.8,5.14,5.24,5.41,5.3,5.35,5.44,5.41,5.38,5.09,5.11,4.98,,,,,,,,,,,,,,,,,,,,,1353.0,1378.0,1446.0,1525.0,1607.0,1675.0,1763.0,1832.0,1897.0,1968.0,1950.0,1900.0,1918.0,1897.0,1926.0,1923.0,1840.0,1865.0,1832.0,1712.0,1330.0,1301.0,1363.0,1373.0,1402.0,1453.0,1476.0,1535.0,1587.0,1593.0,1641.0,1672.0,1670.0,1751.0,1751.0,1778.0,1717.0,1708.0,1717.0,1684.0,1652.0,1540.0,1552.0,1527.0,,,,,,,,,,,,,,,,,,,,,,,,,,,,,,,,,,,,,,,,,,,,,,,,,,,,,,,,,,,,,,,,,,,,,,,,,,,,,,,,,,860.2,3084.847,1.42613,5.05135,,,1.24
MDG,,,,,,,,,,,,,0.07,0.09,0.09,0.1,0.1,0.1,0.1,0.08,0.09,0.08,0.08,0.05,,,,,0.08,,,,0.08,,,,,,,,,,,,,,,,,,,,,,,,,,,,,,,,,,,,,,,,,,,,119.0,159.0,161.0,197.0,196.0,194.0,209.0,178.0,195.0,180.0,181.0,111.0,,,,,225.0,,,,251.0,,,,,,,,,,,,,,,,,,,,,,,,,,,,,,,,,,,,,,21.0,,,23.0,,,,,,,,,,,,,,,,,,,,,,,,,,,,,,,,,,,,,12.0,,,,,65.23,28225.177,0.15363,4.15648,0.00445,,
MDV,,,,,,,,,,,,,,,0.33,,,,,1.29,0.89,,,,,1.45,0.2,0.72,0.53,1.13,1.02,,,,,,,,,,,,,,,,,,,,,,,,,,,,,,,,,,,,,,,,,,,,,,,,10.0,,,,,45.0,32.0,,,,,62.0,9.0,33.0,25.0,55.0,51.0,,,,,,,,,,,,,,,,,,,,,,,,,,,,,,,,,,,,,12.0,44.0,,44.0,45.0,,,,,,,,,,,,,,,,,,,,,,,,4.0,,,,,,,,,,40.0,,,1.0,,,,,,,1640.0,514.438,1.70007,0.63243,0.01883,100.0,
MEX,0.55,0.6,0.63,0.71,0.75,0.97,0.97,1.0,1.02,1.04,1.01,0.97,0.97,0.94,0.98,0.94,0.97,1.01,1.05,1.08,1.16,1.17,1.17,1.23,1.29,1.31,1.37,1.38,1.21,1.34,1.15,1.18,,,,,,,,,,,,,,,,,,,,,,,,,,,,,,,,,4592.0,5091.0,5386.0,6259.0,6662.0,8820.0,8961.0,9392.0,9743.0,10108.0,9962.0,9711.0,9843.0,9675.0,10202.0,9957.0,10437.0,10954.0,11615.0,12101.0,13225.0,13451.0,13677.0,14492.0,15397.0,15894.0,16798.0,17073.0,15087.0,16870.0,14528.0,15052.0,,,,,,,,,,,,,,,,,,,,,,,,,,,,,,12543.0,,,,,,,,,,,,,,,,,,,,,,,,,,,,,,18598.0,,,,,,,,,,,,,,,,,,,,,,,,1111.0,125998.302,16.7001,2103.02748,,51.0,
MHL,,,,,,,,,,,,,,,,,,1.15,,,0.77,,0.78,,,,,,,1.59,,,,,,,,,,,,,,,,,,,,,,,,,,,,,,,,,,,,,,,,,,,,,,,,,,,,6.0,,,4.0,,4.0,,,,,,,7.0,,,,,,,,,,,,,,,,,,,,,,,,,,,,,,,,,,,,,,,,,13.0,,,,,,,,,,,,,,,,,,,,,,,,,,,,7.0,,,,,22.0,,,,,,,4.0,,,,,592.6,43.413,5.84017,0.32705,0.68038,,
MKD,5.39,5.44,5.3,5.37,5.46,5.43,5.36,5.38,5.61,5.51,5.49,5.45,5.7,5.44,5.44,6.58,5.62,6.29,6.67,6.92,7.79,7.95,8.15,8.47,8.82,9.21,9.21,9.33,9.69,9.47,8.77,,9.24,,,,,,,,,,,,,,,,,,,,,,446.0,526.0,563.0,620.0,665.0,778.0,868.0,927.0,1009.0,1107.0,1112.0,1118.0,1078.0,1078.0,1087.0,1086.0,1078.0,1089.0,1144.0,1128.0,1129.0,1125.0,1183.0,1132.0,1134.0,1375.0,1175.0,1310.0,1381.0,1425.0,1599.0,1622.0,1652.0,1705.0,1762.0,1824.0,1806.0,1811.0,1861.0,1796.0,1641.0,,1701.0,,,,,,,,,,,,,,,,,,,,,,,,,,,,,,,,,,,,,,,,,,,,,,,,,,,,,,,,,,,,,,,,,,,,,,,,,,,,,,,,,403.0,,1314.0,2111.072,15.34134,31.89464,,90.0,
MLI,,,,,,,,,,,,,,,0.03,,,,,0.03,0.02,,,,,,0.06,,0.02,,,,0.01,,,,,,,,,,,,,,,,,,,,,,,,,,,,,,,,,,,,,,,,,,,,,,44.0,,,,,39.0,35.0,,,,,,107.0,,30.0,,,,30.0,,,,,,,,,,,,,,,,,,,,,,,,,,,,1.0,2.0,,,,,,,53.0,53.0,,,,53.0,,,,,,,,,,,,,,,,,,,,,,40.0,,,,,79.0,66.0,,,,,,,,15.0,,,,15.0,,94.55,21224.04,0.0665,1.26984,0.00763,,
MLT,,,,2.91,,,,3.12,3.43,3.96,3.93,3.92,3.92,4.09,4.41,4.72,4.57,4.2,4.37,4.25,4.35,4.38,4.45,4.6,4.63,4.63,4.7,4.77,4.79,5.02,5.19,5.15,5.11,,,,,,,,,,,,,,,,,,,,,,,49.0,57.0,,53.0,,,91.0,91.0,92.0,,,,110.0,,,,122.0,135.0,157.0,157.0,158.0,159.0,167.0,181.0,195.0,190.0,175.0,183.0,179.0,184.0,186.0,190.0,197.0,201.0,206.0,214.0,223.0,232.0,253.0,269.0,270.0,270.0,,,,,,,,,,,,,,,,,,,,,,,,,,,,,,,,,,,,,,155.0,,,,,,,,,,,,,,,,,,,,,,,,,,,,,,,,,,,,,,,,51.0,,,,,4040.0,515.358,91.64042,44.4456,1.1581,100.0,1.16
MMR,,,,,,,,,,,,,,,0.28,0.34,0.36,0.39,0.48,0.47,0.52,0.56,0.6,,,0.64,0.68,0.83,0.67,0.72,,,,,,,,,,,,,,,,,,,,,,,,,,,,,,,,,857.0,,,,,,,,,,,,,,,,1329.0,1594.0,1732.0,1867.0,2305.0,2308.0,2562.0,2770.0,3011.0,,,3270.0,3510.0,4301.0,3500.0,3800.0,,,,,,,,,,96.0,,,,,,,,,,,,,,,,,162.0,165.0,177.0,244.0,262.0,287.0,316.0,344.0,,,,,,,,,,,,,,,,,,,,,,,,,,,,,,,,67.0,,,,,,,,,,,,,,130.0,,,,,,226.8,53423.198,0.00684,0.36243,0.02405,97.0,
MNE,,,,,,,,,,,,,,,,4.31,4.15,3.92,0.71,0.57,0.41,0.38,0.4,0.4,0.4,0.43,0.48,0.47,0.47,0.52,0.51,0.6,0.6,0.58,,,,,,,,,,,,,,,,,,,,,,,,,,,,,,,,,,,,,,,,,,,,,,273.0,263.0,248.0,45.0,36.0,26.0,24.0,25.0,25.0,25.0,27.0,30.0,29.0,29.0,32.0,31.0,36.0,37.0,37.0,,,,,,,,,,,,,,,,,,,,,,,,,,,,,,,,,,,,12.0,13.0,13.0,16.0,14.0,9.0,,,,,,,,,,,,,,,,,,,,,,,,,,,,,,,,,,,28.0,35.0,36.0,18.0,33.0,32.0,1984.0,629.048,9.18496,5.72223,0.44587,,
MNG,,,,,,,,,,,,,1.26,,,,,,1.95,1.98,1.97,2.38,2.85,,,,2.35,,4.09,4.43,4.7,4.86,5.41,,,,,,,,,,,,,,,,,,,,,,,,,,,,,,,,,,,,,,,,,,,,315.0,,,,,,513.0,528.0,533.0,652.0,796.0,,,,715.0,,1294.0,1431.0,1548.0,1624.0,1833.0,,,,,,,,,,,,,,,,,,,,,22.0,,,,,,,,,,,,,,,,,,,,,,,,,,,,,,,,,,,,,,,,,,,,,,,,,,,,,,,,,,,,,,484.4,3294.335,10.6521,35.15193,,95.0,
MOZ,,,,,,,,,,,,,,,0.01,,,,,0.02,0.03,0.03,0.03,0.05,,0.07,,0.08,0.09,0.1,0.09,0.11,0.11,0.11,,,,,,,,,,,,,,,,,,,,,,,,,,,,,,,,,,,,,,,,,,,,,16.0,,,,,53.0,60.0,75.0,69.0,136.0,,189.0,,217.0,255.0,288.0,277.0,355.0,348.0,366.0,,,,,,,,,,,,,,,,,,,,,,,,,,,211.0,222.0,252.0,305.0,238.0,,45.0,,319.0,39.0,305.0,318.0,340.0,341.0,17.0,,,,,,,,,,,,,,,,,,,,,143.0,,,,,25.0,166.0,42.0,33.0,44.0,,212.0,,,276.0,27.0,,,,433.0,104.8,31178.239,0.156,4.86045,0.09089,60.0,
MRT,,,,,,,,,,,,,,,0.16,,,,,0.21,,,,,,,,,0.26,0.26,0.25,0.26,0.31,,,,,,,,,,,,,,,,,,,,,,,,,,,,,,,,,,,,,,,,,,,,,,47.0,,,,,70.0,,,,,,,,,112.0,118.0,117.0,121.0,149.0,,,,,,,,,,,,,,,,,,,,,,,,,,,,8.0,,,,,,,,,,,,,,,,,,,,,,,,,,,,,,,,,,,17.0,,,,,15.0,,,,,,,,,,,,,9.0,,187.1,4498.604,0.42767,1.73548,0.07955,30.0,
MUS,,,,,,,,,,,,,,1.24,1.34,,,1.8,1.84,1.96,2.03,2.08,2.34,2.72,2.83,2.94,2.98,3.11,,3.2,,,3.24,,,,,,,,,,,,,,,,,,,,,,,,,,,,,,,,,,,,,,,,,,,,,154.0,167.0,,,228.0,235.0,250.0,260.0,268.0,301.0,351.0,366.0,380.0,385.0,401.0,,412.0,,,414.0,,,,,,,,,,,,,,,,,,,,,,,66.0,,,,,,,230.0,,,,,,,,,,,78.0,,,,,,,,,,,,,,,,,,,,,,,,,,,,,36.0,,,,,,,,15.0,,,15.0,,1476.0,1297.828,13.26158,16.80242,0.11814,100.0,
MWI,,,,,,,,,,,,,,,,,,,0.12,,,,,,,,,,0.06,,0.08,,0.05,,,,,,,,,,,,,,,,,,,,,,,,,,,,,,,,,,,,,,,,,,,,,,,,,,174.0,,,,,,,,,,112.0,,149.0,,101.0,,,,,,,,,,,,,,,,,,,,,,,,,,,211.0,180.0,,,,,,,,,,,204.0,,173.0,,,,,,,,,,,,,,,,,,,,,,,,,,,,,,,,,,,,,,,,12.0,,81.7,19377.061,0.1215,2.46507,,,
MYS,0.83,0.82,0.83,0.83,0.86,0.86,0.86,0.87,0.96,0.85,0.93,0.95,0.95,0.98,1.01,1.07,1.11,1.17,1.32,1.27,1.33,1.46,1.54,1.74,1.92,2.04,2.26,2.66,2.95,3.23,3.42,3.67,3.87,4.06,,,,,,,,,,,,,,,,,,,,,,,,798.0,957.0,1041.0,1130.0,1220.0,1288.0,1401.0,1471.0,1501.0,1562.0,1606.0,1712.0,1750.0,1800.0,1865.0,2104.0,1909.0,2144.0,2225.0,2297.0,2418.0,2550.0,2751.0,2940.0,3165.0,3640.0,3567.0,3810.0,4253.0,4558.0,5235.0,5888.0,6384.0,7186.0,8598.0,9699.0,10801.0,11597.0,12574.0,13436.0,14255.0,734.0,848.0,1762.0,1833.0,1882.0,1932.0,2016.0,1926.0,1968.0,1987.0,2031.0,2074.0,2203.0,2293.0,2438.0,2599.0,2723.0,2888.0,3436.0,3416.0,3779.0,4101.0,4426.0,4600.0,4951.0,5257.0,5267.0,5436.0,5807.0,6562.0,6735.0,6789.0,7028.0,7022.0,7186.0,6850.0,7014.0,7189.0,7405.0,7488.0,7618.0,222.0,260.0,281.0,291.0,305.0,324.0,337.0,342.0,338.0,340.0,357.0,363.0,380.0,424.0,442.0,482.0,582.0,357.0,555.0,625.0,657.0,655.0,646.0,684.0,1476.0,737.0,749.0,1559.0,1712.0,1765.0,1823.0,1882.0,1855.0,1917.0,922.0,960.0,1002.0,1024.0,1119.0,1062.0,1133.0,33199.993,6.91423,226.79362,0.5687,100.0,
NAM,,,,,,,,,,,,,,,0.42,,,0.45,,,,,,,0.29,,,,0.34,0.44,0.51,0.57,0.78,,,,,,,,,,,,,,,,,,,,,,,,,,,,,,,,,,,,,,,,,,,,,,82.0,,,90.0,,,,,,,68.0,,,,87.0,117.0,138.0,161.0,224.0,,,,,,,,,,,,,,,,,,,,,,,25.0,,,,,,,,,,,,,,41.0,43.0,43.0,48.0,158.0,59.0,,,,,,,,,,,,,,,,,,,,,6.0,,,,,,,,,,,,,,,137.0,,,,58.0,867.4,2489.098,1.13373,2.78785,0.14832,90.0,
NER,,,,,,,,,,,,,,,0.01,,,,0.01,0.01,,,,0.02,0.01,0.02,0.01,,0.01,,,,0.01,,,,,,,,,,,,,,,,,,,,,,,,,,,,,,,,,,,,,,,,,,,,,,15.0,,,,16.0,17.0,,,,30.0,21.0,30.0,18.0,,30.0,,,,28.0,,,,,,,,,,,,,,,,,,,,,,,,,,,,,,,,,,,,,,,,,,,,,,,,,,,,,,,,,,,,,,,,,,,,4.0,,,,,,,,,,,,,,,72.48,24333.639,0.0007,0.01642,,,
NGA,,,,,,,,,,,,,,0.18,,0.15,0.15,0.17,0.16,0.15,0.17,0.17,0.18,0.22,0.19,0.2,0.2,0.21,0.21,0.22,0.22,0.22,0.23,,,,,,,,,,,,,,,,,,,,,,,,,,,,,,,,,,,,,,,,,,,,,2482.0,,2113.0,2241.0,2571.0,2571.0,2464.0,2756.0,2891.0,3129.0,3930.0,3521.0,3772.0,3982.0,4183.0,4358.0,4609.0,4722.0,4892.0,5048.0,,,,,,,,,,,,,,,,,,,,,,,,,,1012.0,705.0,,3361.0,,6290.0,,,,,,1823.0,6165.0,,11781.0,,,,,,,,,,,,,,,,,,,,,,,,,,505.0,505.0,,,,730.0,,,,,,6165.0,,,2498.0,,,162.3,208327.405,0.68396,137.45178,0.30677,4.0,
NIC,,,,,,,,,,,,,,0.47,,0.46,0.45,0.44,0.48,0.47,0.45,0.45,0.45,0.44,0.43,,,,0.41,,,,,,,,,,,,,,,,,,,,,,,,,,,,,,,,,,,,,,,,,,,,,,,,,243.0,,246.0,244.0,244.0,266.0,265.0,258.0,263.0,264.0,263.0,260.0,,,,259.0,,,,,,,,,,,,,,,,,,,,,,,,,,,,,,,,,,,,,1263.0,,,,,,,,,,,,,,,,,,,,,,,,,,,,,,,,,,,,,,,,,,,,,,,,,,474.5,6755.895,4.80982,31.39849,,75.0,
NIU,,,,,,,8.7,,,,,,,10.53,10.53,,16.67,,11.11,,,,,,,,,,,,,,,,,,,,,,,,,,,,,,,,,,,,,,,,,,,,,,,,,,,,2.0,,,,,,,2.0,2.0,,3.0,,2.0,,,,,,,,,,,,,,,,,,,,,,,,,,,,,,,,,,,,,,,,,,,,,,,,,,,,,,,,,,,,,,,,,,,,,,,,,,,,,,,,,2.0,,,,,,,,,,,,,,,,959.3,1.942,,,,,
NLD,5.26,4.87,4.72,4.72,4.73,4.08,4.68,4.47,4.53,3.85,3.9,3.93,3.96,4.01,4.03,4.07,4.27,4.44,4.46,4.59,4.68,4.88,4.9,4.9,4.94,5.1,5.06,5.45,5.5,5.59,5.64,5.74,5.67,,,,,,,,,,,,,,,,,,,,,,5688.0,5970.0,6271.0,6586.0,6865.0,7118.0,7405.0,7585.0,7882.0,7803.0,7900.0,7377.0,7210.0,7258.0,7328.0,6344.0,7319.0,7030.0,7162.0,6130.0,6255.0,6365.0,6450.0,6555.0,6615.0,6705.0,7045.0,7335.0,7395.0,7650.0,7840.0,8225.0,8290.0,8315.0,8410.0,8730.0,8705.0,9435.0,9577.0,9801.0,9945.0,10170.0,10148.0,,,,,,,,,,,,,,,,,,,,,,,,,,,,,,,,,,,,,,20700.0,,,,,,,,,,,,,,,,,,,,,,,,,,,,,,,,,,,,,,,,4585.0,,,,,6248.0,17434.557,213.48151,3678.49997,2.68174,100.0,1.05
NOR,8.21,8.16,8.21,8.15,8.16,8.18,8.28,8.38,8.22,8.15,8.03,8.04,8.09,8.13,8.05,8.43,8.81,8.72,8.79,8.68,8.78,8.84,8.65,8.73,8.66,8.82,8.92,8.98,8.74,9.06,9.12,9.28,8.78,8.79,,,,,,,,,,,,,,,,,,,,,,,,,,3414.0,3413.0,3575.0,3494.0,3494.0,3484.0,3479.0,3519.0,3515.0,3540.0,3566.0,3627.0,3692.0,3642.0,3635.0,3608.0,3628.0,3672.0,3711.0,3694.0,3899.0,4106.0,4106.0,4191.0,4192.0,4293.0,4380.0,4340.0,4434.0,4450.0,4578.0,4670.0,4740.0,4642.0,4845.0,4903.0,5020.0,4792.0,4850.0,,,,,,,,,,,,,,,,,,,,,,,,,,,,,,,,,,,,1071.0,,,,,1027.0,,,,,,,,,,,,,,,,,,,,,,,,,,,,,,,,,,,441.0,,,,,,7217.0,5379.839,404.99352,2169.14531,0.81988,100.0,
NPL,,,,,,,,,,,,,,,0.09,,,,,,,,,,,,,2.17,0.97,1.13,1.27,1.39,,1.64,,,,,,,,,,,,,,,,,,,,,,,,,,,,,,,,,,,,,,,,,,,,,245.0,,,,,,,,,,,,,6079.0,2718.0,3200.0,3663.0,4081.0,,4883.0,,,,,,,,,,,,,,,,,,,,,,114.0,,,,,,,,,,,,,,2025.0,2201.0,2201.0,2446.0,,3004.0,,,,,,,,,,,,,,,,,,,,,,,,,,,,,,,,,,,70.0,13.0,13.0,13.0,,,177.0,29348.627,3.13266,89.13988,0.02447,12.0,
NRU,,,,,,,,,,,,,,,0.99,,,,1.0,1.0,,0.99,,,,1.82,,,,3.45,,,,,,,,,,,,,,,,,,,,,,,,,,,,,,,,,,,,,,,,,,,,,,,,,1.0,,,,1.0,1.0,,1.0,,,,2.0,,,,4.0,,,,,,,,,,,,,,,,,,,,,,,,,,,,,,,,,,,,,5.0,,,,3.0,,,,,,,,,,,,,,,,,,,,,,,,,,,,,,2.0,,5.0,,,,,,,,1.0,,,,,1390.0,12.315,14.79925,0.1593,0.92902,,
NZL,3.61,3.63,3.64,3.66,3.62,3.66,3.66,3.9,3.93,4.06,4.12,4.11,3.93,3.93,3.85,3.96,4.09,4.44,4.49,4.49,5.88,5.98,6.04,6.15,6.16,6.12,6.11,6.1,6.13,6.22,4.86,5.07,5.09,,,,,,,,,,,,,,,,,,,,,,1145.0,,,1142.0,1148.0,1176.0,1204.0,1219.0,1233.0,1215.0,1226.0,1262.0,1287.0,1306.0,1312.0,1346.0,1364.0,1473.0,1496.0,1558.0,1591.0,1601.0,1552.0,1582.0,1571.0,1638.0,1709.0,1877.0,1915.0,1932.0,2556.0,2619.0,2663.0,2741.0,2787.0,2824.0,2879.0,2936.0,3004.0,3103.0,2466.0,2590.0,2611.0,,,,,,,,,,,,,,,,,,,,774.0,,,,,,,,,,,,,,,,,811.0,,,,,,,,,,,,,,,,,,,,,,,381.0,,,,,,,,,,,,,,,,,352.0,,,,,,4439.0,5061.133,106.27084,535.28624,0.73593,,
OMN,0.48,,,,,0.67,,0.38,0.42,0.47,1.15,,,,1.73,1.82,1.97,2.04,2.12,2.32,2.37,2.36,2.27,2.29,2.57,2.75,2.81,2.98,3.13,3.25,3.3,3.61,3.59,,,,,,,,,,,,,,,,,6.0,,,,,23.0,,,,,53.0,,,,,84.0,,,,,143.0,,84.0,93.0,106.0,262.0,,,,416.0,448.0,496.0,524.0,557.0,623.0,654.0,726.0,805.0,877.0,1030.0,1149.0,1234.0,1350.0,1437.0,1494.0,1491.0,1623.0,1696.0,,,,,,,,,,,,,,,,,,,,,,,,,,,,,,,,,302.0,312.0,311.0,313.0,313.0,320.0,327.0,291.0,316.0,,,,,,,,,,,,,,,,,,,,,,,,,,,,,,,,,,,,,,,,,,1161.0,4543.399,30.81693,132.69769,,99.0,
PAK,,,0.18,0.19,0.2,0.2,0.21,0.22,0.24,0.25,0.27,0.29,,,0.38,,,,0.48,0.51,0.53,0.57,0.61,0.65,0.71,0.77,0.83,0.92,0.9,1.16,,,,,,,,,,,,,,,,,,,,,,,,,,,,,,,,,,,,,2278.0,2401.0,2589.0,2751.0,2938.0,3159.0,3444.0,3687.0,4175.0,4622.0,,,6452.0,,,,9013.0,9822.0,10508.0,11649.0,12692.0,13716.0,15106.0,16652.0,18333.0,20463.0,20463.0,26686.0,,,,,,,,,,,,,,,,,,,,,,,,,,550.0,,,,,,,,,,,3994.0,,,,,,,,,,,,,,,,,,,,,,,,,,,,,860.0,,,,,,,,,,,,,,,,,,,,165.6,227196.741,0.23903,48.9354,,,
PAN,2.06,2.12,2.23,2.2,2.35,2.49,2.64,2.62,2.72,2.7,,2.49,2.87,2.72,2.84,2.83,2.82,2.75,2.83,2.9,3.01,3.02,3.28,2.71,,3.0,2.78,3.04,2.96,3.03,2.8,2.88,2.8,,,,,,,,,,,,,,,,,,,,,,,,,,,,,,,,506.0,531.0,571.0,574.0,626.0,677.0,734.0,744.0,788.0,796.0,,765.0,897.0,868.0,923.0,938.0,953.0,944.0,990.0,1032.0,1091.0,1114.0,1232.0,1037.0,,1186.0,1118.0,1246.0,1232.0,1284.0,1203.0,1252.0,1232.0,,,,,,,,,,,,,,,,,,,,,,,,,,,,,,,,,,633.0,694.0,744.0,703.0,742.0,716.0,737.0,679.0,,,,,,,,,,,,,,,,,,,,,,,,,,,,,,,,,,,,,,,,,,2491.0,4294.396,32.09665,135.41575,,95.0,
PER,,,,,,,,,,1.07,,,,,,,,,,1.24,,,1.51,,,,1.85,,1.93,1.96,2.02,2.18,2.11,2.15,,,,,,,,,,,,,,,,,,,,,,,,,,,,,,,,,,,,,,,,2809.0,,,,,,,,,,3570.0,,,4471.0,,,,5719.0,,6151.0,6356.0,6634.0,7217.0,7070.0,7280.0,,,,,,,,,,,,,,,,,,,,,,,,,6650.0,,,,,,,,,,,,145.0,154.0,293.0,285.0,151.0,,,,,,,,,,,,,,,,,,,,,,,,,,,,,,,,,,,,56.0,57.0,81.0,55.0,55.0,711.6,33304.756,8.24122,267.80661,,62.0,
PHL,,,,,,,,,,,1.08,,5.2,,5.31,,,,0.2,,2.25,2.27,2.24,2.24,2.25,2.26,2.3,2.36,2.44,2.51,2.53,2.51,,,,,,,,,,,,,,,,,,,,,,,,,,,,,,,,,,,,,,,,,,,8564.0,,43220.0,,45903.0,,,,1891.0,,21695.0,22266.0,22420.0,22827.0,23302.0,23806.0,24506.0,25464.0,26685.0,27839.0,28375.0,28378.0,,,,,,,,,,,,,,,,,,,,,,,,,,,,,,,,,,,,,,,246.0,,,,,,,,,,,,,,,,,,,,,,,,,,,,,,,,,,,,,,,,682.0,,,,,379.2,112190.977,0.15202,16.46517,0.06308,92.0,
PLW,,,,,,,,,12.97,,,,,,,,,2.59,,,,,,,,,,,2.25,2.25,3.37,3.93,5.62,3.96,,,,,,,,,,,,,,,,,,,,,,,,,,,,,,,,,,,,,,,24.0,,,,,,,,,5.0,,,,,,,,,,,4.0,4.0,6.0,7.0,10.0,7.0,,,,,,,,,,,,,,,,,,,,,,,,,,,,,,,,,,,,,12.0,13.0,,,,,,,,,,,,,,,,,,,,,,,,,,,,,,,,,,,,,,,3.0,,,,,2902.0,17.972,25.38526,0.45696,1.66657,,
PNG,,,,,,,,,,,0.16,,,,,,,,,0.16,,,,,,,,,0.15,0.07,,0.05,,0.05,,,,,,,,,,,,,,,,,,,,,,,,,,,,,,,,,,,,,,,,,90.0,,,,,,,,,121.0,,,,,,,,,142.0,62.0,,49.0,,50.0,,,,,,,,,,,,,,,,,,,,,,,,,,,,,,,,,,,,,151.0,,140.0,,142.0,,,,,,,,,,,,,,,,,,,,,,,,,,,,,,,,,,,,15.0,,,,,104.6,9749.64,4.16761,35.84564,0.01709,99.0,
POL,4.78,4.6,4.35,4.43,4.56,4.64,4.66,4.6,4.52,3.46,3.07,2.65,2.82,2.9,3.7,3.21,3.3,3.51,3.43,3.2,3.29,3.41,3.27,3.22,3.42,3.29,3.48,3.49,3.38,8.8,8.85,9.17,9.09,10.73,,,,,,,,,,,,,,,,,,,,,16834.0,16958.0,17140.0,17296.0,17326.0,17440.0,17391.0,17679.0,17984.0,17952.0,18205.0,17544.0,16615.0,16951.0,17490.0,17805.0,17869.0,17624.0,17323.0,13260.0,11758.0,10124.0,10775.0,11094.0,14139.0,12248.0,12564.0,13352.0,13038.0,12169.0,12549.0,13033.0,12491.0,12322.0,13088.0,12603.0,13308.0,13331.0,12927.0,33648.0,33772.0,34874.0,34899.0,41599.0,,,,,,,,,,,,,,,,,,,,,,,,,,,,,,,,,,,,,,,,,,,,,,,,,,,,,,,,,,,,,,,,,,,,,,,,,,,,,,,,,,2207.0,38428.366,44.83274,1702.43377,,95.0,
PRK,,,,,,,,,,,,,,1.64,,,,,1.74,,,,1.83,,,,,2.17,,,,,,,,,,,,,,,,,,,,,,,,,,,,,,,,,,,,,,,,,,,,,,,,,,3955.0,,,,,4314.0,,,,4615.0,,,,,5595.0,,,,,,,,,,,,,,,,,,,,,,,,,,,,,,,,,,,,,,,,,,,,,,,,,,,,,,,,,,,,,,,,,,,4360.0,,,,,,,,,,,,,,,,,,,,,,25867.467,3.50432,89.53175,,,
PRT,1.69,1.7,1.78,2.07,2.31,2.52,2.76,2.99,3.34,3.76,4.33,4.69,5.03,5.34,5.61,5.93,6.49,6.44,6.8,7.33,7.66,7.68,8.05,8.48,8.77,9.13,9.54,10.08,10.55,10.86,11.25,11.7,12.05,,,,,,,,,,,,,,,,,,,,,,1083.0,1053.0,1064.0,1046.0,1029.0,1265.0,1329.0,1404.0,1450.0,1625.0,1687.0,1691.0,1772.0,2064.0,2307.0,2529.0,2780.0,3025.0,3394.0,3842.0,4448.0,4853.0,5237.0,5587.0,5878.0,6226.0,6829.0,6789.0,7183.0,7747.0,8105.0,8108.0,8465.0,8867.0,9125.0,9468.0,9875.0,10412.0,10896.0,11228.0,11670.0,12162.0,12552.0,,,,,,,,,,,,,,,,,,,,,,,,,,,,,,,,,,,,,706.0,,,,,,,,,,,,,,,,,,,,,,,,,,,,,,,,,,,,,,,,,2500.0,,,,,3518.0,10298.192,84.70272,869.47338,2.44471,100.0,1.05
PRY,,,,,,,,,,,,,4.61,,,,,,,,,,1.79,,,,,,1.76,,,12.84,13.41,,,,,,,,,,,,,,,,,,,,,,,,,,,,,,,,,,,,,,,,,,,,2426.0,,,,,,,,,,1054.0,,,,,,1129.0,,,8585.0,9068.0,,,,,,,,,,,,,,,,,,,,,756.0,,,,,,,,,,,,,,,,41.0,,,,,,,,,,,,,,,,,,,,,,,,,,,,,,,,,,,,,,,,55.0,,,649.0,685.0,,950.1,6618.695,7.17869,51.34914,0.07807,78.0,
QAT,,,,,,,,,,,,,,,,8.36,5.0,,,,,,,,7.49,,8.29,,6.31,6.22,,,,7.39,,,,,,,,,,,,,,,,,,,,,,,,,,,,,,,,,,,,,,,,,,,,,,690.0,486.0,,,,,,,,1662.0,,2155.0,,1741.0,1741.0,,,,2201.0,,,,,,,,,,,,,,,,,,,,,,,,,,,,,,,,,,,,,799.0,,,,824.0,,,,,,,,,,,,,,,,,,,,,,,,,,,,,,,,,,,,105.0,,,,116.0,2737.0,2760.385,83.07301,228.69999,0.37075,,
ROU,2.93,2.82,2.83,2.77,2.6,2.67,2.65,2.36,2.41,3.21,3.61,3.75,3.84,4.18,4.43,4.82,5.03,5.56,5.72,6.05,6.34,6.57,6.84,7.1,7.44,7.74,8.23,7.87,8.3,8.8,9.63,10.51,11.4,,,,,,,,,,,,,,,,,,,,,,7029.0,7509.0,7285.0,7260.0,7268.0,7340.0,7356.0,7212.0,7216.0,7116.0,6717.0,6460.0,6491.0,6326.0,5914.0,6045.0,5974.0,5299.0,5367.0,7108.0,7964.0,8208.0,8351.0,9021.0,9481.0,10223.0,10588.0,11610.0,11855.0,12448.0,12959.0,13324.0,13779.0,14248.0,14846.0,15389.0,16285.0,15497.0,16262.0,17152.0,18668.0,20233.0,21855.0,,,,,,,,,,,,,,,,,,,,,4931.0,,,,,,,,,5440.0,,,,,,,,,,,,,,,,,,,,,,,,,,,,,,,,,,,,,,,,,,,,,,,,,,,,,1907.0,19442.038,19.26615,376.11379,,90.0,1.24
RUS,,,2.68,2.72,2.76,2.58,2.65,2.69,2.73,2.73,2.97,2.96,2.96,2.93,2.92,2.88,2.9,2.88,2.88,2.85,2.88,2.91,2.93,2.89,2.84,2.81,2.85,2.82,2.82,2.81,2.79,,,,,,,,,,,,,,,,,,,,,,,,,,,,,,,,,,,,39971.0,40219.0,40876.0,38277.0,39257.0,39829.0,40256.0,40149.0,43518.0,43174.0,43195.0,42650.0,42431.0,41679.0,41778.0,41378.0,41476.0,41063.0,41481.0,41972.0,42240.0,41743.0,41113.0,40874.0,41475.0,41155.0,41274.0,41233.0,40823.0,,,,,,,,,,,,,,,,,,,,,,,,,,,,,,,,,,,,,,,,,,,,,,,,,,,,,,,,,,,,,,,,,,,,,,,,,,,,,,,,,,,,,1704.0,145617.329,6.08002,892.12134,,,
RWA,,,,,,,,,,,,,,,,,,,0.06,0.07,,,,,,0.11,,,0.18,0.19,0.16,0.21,0.2,,,,,,,,,,,,,,,,,,,,,,,,,,,,,,,,,,,,,,,,,,,,,,,,,,63.0,72.0,,,,,,127.0,,,228.0,242.0,212.0,286.0,274.0,,,,,,,,,,,,,,,,,,,,,,,,,,,14.0,17.0,,,,,,,,,,,,,,,,,,,,,,,,,,,,,,,,,,,,,,,47.0,60.0,,,,,,,,,,,,,,,145.7,13146.362,0.28371,3.51118,,85.0,
SAU,,,,,,,,,,,,0.93,,,,,,,2.98,3.03,3.64,3.82,3.7,4.46,4.41,4.5,4.54,5.1,5.52,6.17,6.33,7.26,7.43,7.81,,,,,,,,,,,,,,,,,,,,,,,,,,,,,,,,,,,,,,,,,,1581.0,,,,,,,6942.0,7325.0,9160.0,9965.0,10002.0,12495.0,12785.0,13502.0,13935.0,15694.0,16752.0,18813.0,19622.0,22739.0,23897.0,25970.0,,,,,,,,,,,,,,,,,,,,,,,,,,,,,,,,,,,,,,,,,,,,,,,,,,,,,,,,,,,,,,,,,,,,,,,,,,,,2975.0,,,,,,2790.0,35997.107,36.72809,1251.76663,0.86814,,
SDN,,,,,,,,,,,,,,,0.23,,0.3,0.23,0.23,,,,,,,2.03,,,,,2.5,,,,,,,,,,,,,,,,,,,,,,,,,,,,,,,,,,,,,,,,,,,,,,,,701.0,,944.0,755.0,772.0,,,,,,,8116.0,,,,,11697.0,,,,,,,,,,,,,,,,,,,,,,,,,295.0,,,,,,,,,,,,,,,,,,,,,,,,,,,,,,,,,,,,,,,,86.0,,,,,,,,,,,,,,,,,,,,204.5,44440.486,1.07033,46.26189,,,
SEAR,,,,,,,,,,,,,,,,,,,,,,,,,,,,,,,,,1.5,,,,,,,,,,,,,,,,,,,,,,,,,,,,,,,,,,,,,,,,,,,,,,,,,,,,,,,,,,,,,,,,,,,,,,,,,,,,,,,,,,,,,,,,,,,,,,,,,,,,,,,,,,,,,,,,,,,,,,,,,,,,,,,,,,,,,,,,,,,,,,,,,,,,,,,,,
SEN,,,,,,,,,,,,,,,0.06,,,,0.09,,,,,0.04,,,0.08,0.08,,0.13,0.08,0.1,0.13,0.11,,,,,,,,,,,,,,,,,,,,,,,,,,,,,,,,,,,,,,,,,,,,,70.0,,,,105.0,,,,,54.0,,,121.0,121.0,,219.0,134.0,176.0,223.0,197.0,,,,,,,,,,,,,,,,,,,,,,,,,,,,,,,,,,,57.0,,,,28.0,64.0,,,,,,,,,,,,,,,,,,,,,,27.0,,,,,,,,,,,,57.0,,,21.0,13.0,94.0,15.0,,144.8,16436.12,0.26508,4.44441,0.03805,50.0,
SGP,,,,,,,,,,2.38,,2.64,,2.88,2.94,2.99,3.0,2.95,2.94,2.94,3.09,2.85,2.97,3.35,,,3.94,,4.19,,4.42,4.48,4.61,,,,,,,,,,,,,,,,,,,,,,,,,,,,,,,,,,,,,,,,,942.0,,1087.0,,1190.0,1227.0,1277.0,1323.0,1354.0,1414.0,1463.0,1568.0,1478.0,1572.0,1804.0,,,2198.0,,2363.0,,2482.0,2484.0,2605.0,,,,,,,,,,,,,,,,,,,,,,,,,,,,,,299.0,316.0,345.0,,,,,389.0,,,,,,,,,,,,,,,,,,,,,,,,,,,,,,,,,,,,,,,,,,,,,,4102.0,5909.869,204.65699,1160.40513,,100.0,
SLB,,,,,,,,,,0.6,,,,,,1.08,,,,,,0.65,0.38,0.45,,,0.44,,,0.69,,,,0.51,,,,,,,,,,,,,,,,,,,,,,,,,,,,,,,,,,,,,,,,26.0,,,,,,52.0,,,,,,36.0,22.0,27.0,,,29.0,,,50.0,,,,41.0,,,,,,,,,,,,,,,,,,,,,,,,,,,,,,,,,,,,,16.0,,,,35.0,,,,,,,,,,,,,,,,,,,,,,,,,,,,,,31.0,,,,,,3.0,,,,3.0,131.1,691.191,3.26386,2.09213,0.04479,,
SLE,,,,,,,,,,,,,,,0.01,,,,0.01,,0.01,,,,,,0.07,,0.02,0.01,0.02,,0.02,,,,,,,,,,,,,,,,,,,,,,,,,,,,,,,,,,,,,,,,,,,,,,5.0,,,,6.0,,6.0,,,,,,53.0,,15.0,7.0,15.0,,15.0,,,,,,,,,,,,,,,,,,,,,,,,,,,10.0,,,,,,,,,,,140.0,66.0,,126.0,,,,,,,,,,,,,,,,,,,,,,,,,,8.0,,,,,,,,,,,25.0,530.0,,13.0,,157.0,8233.97,0.17535,1.3567,,25.0,
SLV,,,,,,,,,,5.01,,,5.79,,,7.09,,,7.74,,,,,,,,1.46,,8.98,,,8.55,1.55,1.57,,,,,,,,,,,,,,,,,,,,,,,,,,,,,,,,,,,,,,,,2962.0,,,3465.0,,,4255.0,,,4669.0,,,,,,,,908.0,,5586.0,,,5346.0,976.0,990.0,,,,,,,,,,,,,,,,,,,,,,,,,,,,,,,,,,1011.0,,,,,,,,,,,,,,,,,,,,,,,,,,,,,,,,,,,,,,,,,,,,,,,,656.7,6292.731,9.37496,62.84973,,100.0,
SMR,,,,,,,,,,,,,,,,,,,,,,,,,6.53,,,,17.39,,,,7.33,7.42,,,,,,,,,,,,,,,,,,,,,,,,,,,,,,,,,,,,,,,,,,,,,,,,,,,,,,,22.0,,,,60.0,,,,25.0,25.0,,,,,,,,,,,,,,,,,,,,,,,,,,,,,,,,,,,,145.0,,,,,,,,,,,,,,,,,,,,,,,,,,,,,,,,,,,,,,,,20.0,,,,,,4057.0,34.007,222.23946,7.52592,5.90598,100.0,
SOM,,,,,,,,,,,,,,,,,,,,,,,,,0.0,,,,,,,,,,,,,,,,,,,,,,,,,,,,,,,,,,,,,,,,,,,,,,,,,,,,,,,,,,,,,,,,2.0,,,,,,,,,,,,,,,,,,,,,,,,,,,,,,,,,,,,,,,,,,,,,,,,,,,,,,,,,,,,,,,,,,,,,,,,,,,,,,,,,,,,,,,,,,,,16537.016,0.1711,2.56783,,41.0,
SRB,,,,,,,,,,,,,,4.63,4.73,4.46,3.5,3.5,3.46,3.43,3.42,3.46,3.36,3.29,3.2,3.11,2.79,2.73,2.75,,2.4,2.45,2.47,,,,,,,,,,,,,,,,,,,,,,,,,,,,,,,,,,,,,,,,,,,,,3516.0,3578.0,3360.0,2628.0,2619.0,2582.0,2547.0,2530.0,2550.0,2458.0,2395.0,2310.0,2229.0,1987.0,1932.0,1930.0,,1659.0,1675.0,1679.0,,,,,,,,,,,,,,,,,,,,,,,,,,,,,,,,,,,1748.0,,,,,,,,,,,,,,,,,,,,,,,,,,,,,,,,,,,,,,,803.0,,,,,,,,,1686.0,7358.005,15.79079,109.98287,0.91539,85.0,
SSD,,,,,,,,,,,,,,,,,,,,,,,,,,,,,0.03,0.02,0.03,,0.03,,,,,,,,,,,,,,,,,,,,,,,,,,,,,,,,,,,,,,,,,,,,,,,,,,,,,,,,,,,,32.0,20.0,28.0,,32.0,,,,,,,,,,,,,,,,,,,,,,,,,,,,,,,,,,,,,22.0,96.0,128.0,,128.0,,,,,,,,,,,,,,,,,,,,,,,,,,,,,,,,,,,,2.0,,,,,,62.99,10606.227,0.08579,1.14769,0.00181,44.0,
STP,,,,,,,,,,,,,,,,,,,,,,,,,,,,,,0.28,,,0.27,,,,,,,,,,,,,,,,,,,,,,,,,,,,,,,,,,,,,,,,,,,,,,,,,,,,,,,,,,,,,6.0,,,6.0,,,,,,,,,,,,,,,,,,,,,,,9.0,,,,,,,,,,,,,,,,,,,,,,,,,,,,,,,,,,,,,,,,2.0,,,,,,,,,,,,,,,,,,,,226.8,218.641,0.61301,0.13609,,,
SUR,,,,,,,,,,,,,,,0.82,,,,,,,,,,,,,,0.67,0.55,,0.7,,,,,,,,,,,,,,,,,,,,,,,,,,,,,,,,,,,,,,,,,,,,,,,42.0,,,,,,,,,,,,,,40.0,33.0,,43.0,,,,,,,,,,,,,,,,,,,,,,,,,,,,,,,,,,,,,,,74.0,,67.0,,97.0,,,,,,,,,,,,,,,,,,,,,,,,,,,,,,,,,,,,,,1.0,,,1680.0,607.065,15.90463,9.51097,,,
SVK,,,,,,,,,,,4.43,4.41,4.35,4.35,4.35,5.43,5.05,5.32,5.1,4.89,4.94,4.85,4.93,4.78,4.88,4.88,4.98,5.01,5.11,5.23,5.29,5.28,5.43,,,,,,,,,,,,,,,,,,,,,,,,,,,,,,,,,,,,,,,,,,2384.0,2371.0,2340.0,2338.0,2338.0,2919.0,2714.0,2862.0,2745.0,2633.0,2663.0,2618.0,2665.0,2586.0,2642.0,2647.0,2701.0,2723.0,2779.0,2852.0,2887.0,2875.0,2972.0,,,,,,,,,,,,,,,,,,,,,,,,,,,,,,,,303.0,,,,,,,,,528.0,,,,,,,,,,,,,,,,,,,,,,,,,,,,,,,888.0,,,,,,,,,638.0,,2267.0,5456.681,56.54857,308.24627,,100.0,0.76
SVN,5.64,5.27,5.28,4.86,5.31,6.36,5.68,5.87,5.91,5.86,5.83,5.92,6.02,6.04,5.98,6.0,6.0,6.13,6.01,6.07,6.16,6.25,6.31,6.5,6.63,6.76,6.89,7.06,7.21,7.27,7.47,7.46,7.43,,,,,,,,,,,,,,,,,,,,,,865.0,,,,,1025.0,1064.0,1091.0,1110.0,1137.0,1127.0,1054.0,1053.0,967.0,1055.0,1264.0,1128.0,1165.0,1171.0,1160.0,1159.0,1178.0,1199.0,1203.0,1193.0,1198.0,1202.0,1234.0,1216.0,1236.0,1259.0,1280.0,1296.0,1337.0,1365.0,1392.0,1421.0,1455.0,1492.0,1514.0,1570.0,1577.0,1571.0,,,,,,,,,,,,,,,,,,,,,,,,,,,,,,,,,,,,286.0,,,,,,,,,,,,,,,,,,,,,,,,,,,,,,,,,,,,,,,,737.0,,,,,,,3629.0,2117.641,58.72534,121.50272,3.54556,,0.0
SWE,14.32,14.43,14.55,14.69,14.84,8.65,8.42,8.17,8.19,8.17,8.07,8.11,8.17,8.14,8.27,8.22,8.3,8.29,8.14,8.08,8.11,8.18,8.2,8.17,8.15,8.16,8.14,8.13,8.07,7.78,7.71,7.74,,,,,,,,,,,,,,,,,,,,,,,9185.0,9708.0,10155.0,10611.0,10653.0,11006.0,11296.0,11589.0,11832.0,12078.0,12253.0,12435.0,12608.0,12802.0,13025.0,7632.0,7444.0,7228.0,7247.0,7237.0,7159.0,7218.0,7293.0,7296.0,7436.0,7424.0,7532.0,7579.0,7509.0,7515.0,7602.0,7728.0,7810.0,7839.0,7898.0,8000.0,8082.0,8177.0,8213.0,8001.0,7981.0,8066.0,,,,,,,,,,,,,,,,,,,,,,,,,,,,,,,,,,,,4966.0,,,,,,,,,,,,,,,,,,,,,,,,,,,,,,,,,,,,,,,,,,,,,,,,6223.0,10368.969,327.04434,3375.75171,,100.0,
SWZ,,,,,,,,,,,0.03,,,,0.16,,,,,0.12,,0.41,,,,,,,0.12,0.12,0.18,,0.28,0.28,,,,,,,,,,,,,,,,,,,,,,,,,,,,,,,,,,,,,,,,,3.0,,,,17.0,,,,,13.0,,46.0,,,,,,,14.0,14.0,22.0,,34.0,35.0,,,,,,,,,,,,,,,,,,17.0,,,,12.0,,,,,30.0,,,,,,,,,,19.0,28.0,,13.0,8.0,,,,,,,,,,,,,,,,,,,,,3.0,,,,,16.0,,,,,,,,,,3.0,,,,3.0,610.5,1180.655,12.17734,13.83577,0.02613,70.0,
SYC,,,,,,,,,,,,,,,1.47,1.12,1.66,1.75,1.3,1.71,2.0,1.86,1.41,,,,3.1,,,3.57,,,3.51,,,,,,,,,,,,,,,,,,,,,,,,,,,,,,,,,,,,,,,,,,,,,,13.0,10.0,15.0,16.0,12.0,16.0,19.0,18.0,14.0,,,,34.0,,,42.0,,,44.0,,,,,,,,,,,,,,,,,,,,,,,75.0,,,,,,,,,,,,,,,37.0,,,,90.0,,,,,,,,,,,,,,,,,,,,,6.0,,,,,,,,,,,,,,,14.0,,,,7.0,1469.0,105.53,13.61461,1.307,1.43236,,
SYR,,,,,,,,6.33,6.62,6.59,6.71,,8.36,8.34,8.35,8.36,,7.08,7.47,7.19,7.11,,,,8.18,,6.53,8.45,8.72,9.18,8.82,10.22,,,,,,,,,,,,,,,,,,,,,,,,,,,,,,,,,,,,,,,,9764.0,10473.0,10694.0,11160.0,,14610.0,14917.0,15312.0,15725.0,,14791.0,16169.0,15799.0,15984.0,,,,16585.0,,12532.0,16238.0,17066.0,18679.0,18568.0,22110.0,,,,,,,,,,,,,,,,,,,,,,,,,,,,,,,,,,,,,,,,,,,,,,,,,,,,,,,,,,,,,,,,,,,,,,,,,,,,,,,,,,,,,20772.595,1.65675,28.00947,,99.0,
TCD,,,,,,,,,,,,,,,0.01,,,,,,,,,,,,,,0.0,,,0.01,0.01,0.01,,,,,,,,,,,,,,,,,,,,,,,,,,,,,,,,,,,,,,,,,,,,,7.0,,,,,,,,,,,,,,3.0,,,19.0,21.0,13.0,,,,,,,,,,,,,,,,,,,,,,,,,,,,,,,,,,,,,11.0,,11.0,11.0,,,,,,,,,,,,,,,,,,,,,,8.0,,,,,,,,,,,,,,,,,4.0,11.0,19.0,69.4,16644.701,0.26487,3.39088,,,
TGO,,,,,,,,,,,,,,,0.03,,,0.02,0.02,,0.1,,,,,0.02,,0.07,0.03,,,0.02,0.02,,,,,,,,,,,,,,,,,,,,,,,,,,,,,,,,,,,,,,,,,,,,,,18.0,,,15.0,15.0,,66.0,,,,,18.0,,57.0,21.0,,,13.0,22.0,,,,,,,,,,,,,,,,,,,,,,,,,,,,,33.0,,,,,,,,,25.0,,,1.0,,,,,,,,,,,,,,,,,,,,,,1.0,,,4.0,4.0,,,,,,,,2.0,6.0,4.0,2.0,2.0,2.0,19.0,2.0,125.6,8442.58,0.20379,1.67003,0.00247,,
THA,,0.43,,0.49,,0.49,,0.56,0.64,0.65,,0.68,0.7,,0.63,,1.32,1.39,1.43,1.46,1.73,,,,,,1.58,1.63,1.08,1.13,1.06,1.13,,,,,,,,,,,,,,531.0,,596.0,,652.0,,815.0,,978.0,,1057.0,,1247.0,,1451.0,,1468.0,,2107.0,,2408.0,,2786.0,,2920.0,,3414.0,3917.0,4026.0,,4317.0,4471.0,,4129.0,,8809.0,9337.0,9646.0,9926.0,11847.0,,,,,,11158.0,11575.0,7720.0,8043.0,7561.0,8094.0,,,,,,,,,,,,,,,,,,,,,,,,,,3693.0,3279.0,3501.0,4250.0,5375.0,,,,,6981.0,16654.0,,17676.0,,,,,,,,,,,,,,,,,,,,,,,,,,,,,,,,,,,,,93.0,,,,,,,,,731.3,71475.664,2.82206,191.65435,0.49019,80.0,
TJK,1.47,1.38,1.55,1.64,1.59,1.61,1.58,1.55,1.84,1.44,1.47,1.44,1.46,1.4,1.43,1.43,1.4,1.44,1.46,1.51,1.58,1.53,1.49,1.47,1.44,1.56,1.53,1.69,1.65,1.6,1.69,1.65,1.57,1.5,,,,,,,,,,,,,,,,,,,,,,,,,,539.0,608.0,658.0,721.0,778.0,792.0,766.0,875.0,936.0,926.0,956.0,959.0,953.0,1136.0,895.0,922.0,925.0,955.0,931.0,971.0,991.0,989.0,1035.0,1068.0,1128.0,1210.0,1195.0,1191.0,1206.0,1217.0,1349.0,1352.0,1531.0,1535.0,1521.0,1643.0,1640.0,1595.0,1553.0,,,,,,,,,,,,,,,,,,,,,,,,,,,,,,,,,,,,,,,,,,,,,,,,,,,,,,,,,,,,,,,,,,,,,,,,,,,,,,,,,,250.8,9543.207,3.29475,30.61484,,80.0,
TKM,,,,,,,,,1.79,1.77,2.37,2.25,2.09,2.02,1.56,1.5,1.37,1.34,1.3,1.29,1.05,1.06,1.06,1.03,1.04,1.03,1.07,1.13,1.16,1.19,1.23,1.24,1.24,1.24,,,,,,,,,,,,,,,,,,,,,,,,,,,,,,,,,,,,,,,788.0,797.0,1087.0,1051.0,996.0,983.0,772.0,757.0,703.0,701.0,696.0,702.0,586.0,604.0,614.0,610.0,631.0,642.0,678.0,738.0,775.0,809.0,855.0,880.0,894.0,910.0,,,,,,,,,,,,,,,,,,,,,,,,,,,,,,,,,,,,,,,,,,,,,,,,,,,,,,,,,,,,,,,,,,,,,,,,,,,,,,,,,,1064.0,6250.438,22.56645,134.76685,,,
TLS,,,,,,,,,,,,0.01,0.02,,0.02,,,,0.02,0.06,0.07,0.06,,0.06,,,0.08,,0.06,0.08,0.02,,,,,,,,,,,,,,,,,,,,,,,,,,,,,,,,,,,,,,,,,,,,,1.0,2.0,,2.0,,,,2.0,6.0,7.0,7.0,,7.0,,,10.0,,8.0,10.0,3.0,,,,,,,,,,,,,,,,,,,,,,9.0,,,,,,28.0,29.0,34.0,37.0,38.0,,,,,,,,54.0,,,,,,,,,,,,,,,,,,,,,,,,,43.0,,,,,,,1.0,,,,,,,,43.0,35.0,,,,220.3,1299.995,0.55146,0.71635,0.33253,100.0,
TON,,,,,,,,,,,,3.2,,2.2,,,,,,1.03,0.93,,,1.12,,,,,,1.61,1.42,,,,,,,,,,,,,,,,,,,,,,,,,,,,,,,,,,,,,,,,,,,,,33.0,,23.0,,,,,,11.0,10.0,,,12.0,,,,,,17.0,15.0,,,,,,,,,,,,,,,,,,,,,,,,,,,,,,,,,,,,,,,,32.0,31.0,,,,,,,,,,,,,,,,,,,,,,,,,,,,,26.0,,,,27.0,,,,,,2.0,3.0,,,,332.1,105.254,16.61634,1.66163,0.19139,,
TTO,,,,,,1.04,1.08,1.23,1.44,1.44,1.5,1.65,1.65,1.86,,,2.09,2.15,,2.26,2.47,2.46,,,,3.42,,3.42,3.21,2.99,,,,,,,,,,,,,,,,,,,,,,,,,,,,,,,,,,,,,,,,134.0,141.0,160.0,189.0,189.0,198.0,218.0,220.0,249.0,,,284.0,294.0,,312.0,343.0,343.0,,,,489.0,,494.0,472.0,444.0,,,,,,,,,,,,,,,,,,,,,,,,,,,,,,,,,,,,,,,,,282.0,,,,,,,,,,,,,,,,,,,,,,,,,,,,,,,,,,,,,,,,,,,,,1835.0,1518.147,53.39716,73.74148,,95.0,
TUN,0.97,0.95,1.12,1.13,1.12,1.13,1.19,1.27,1.34,1.35,1.35,1.4,1.4,,2.07,1.8,1.8,,,,2.91,,,,,3.06,3.0,,,,,3.68,,,,,,,,,,,,,,,,,,,,,,,,,,,,,,,,,809.0,811.0,969.0,1004.0,1008.0,1038.0,1108.0,1200.0,1276.0,1301.0,1315.0,1380.0,1394.0,,2100.0,1850.0,1858.0,,,,3130.0,,,,,3494.0,3458.0,,,,,4436.0,,,,,,,,,,,,,,,,,,,,,,,,,,,,,,,,,,,,,,,,,,,,,,,,,,,,,,,,,,,,,,,,352.0,,,,,,,,,,,,,,,,,,,,789.1,12161.723,5.16588,60.8696,,72.0,
TUR,1.88,1.86,1.85,1.88,1.91,1.89,1.96,1.99,2.06,2.16,2.43,2.43,2.44,2.62,2.61,2.62,2.62,2.73,2.79,2.84,2.92,2.84,2.85,2.92,2.95,3.1,3.27,3.36,3.63,3.86,4.05,4.6,4.87,,,,,,,,,,,,3245.0,3517.0,3789.0,4279.0,4269.0,5046.0,5379.0,5954.0,6826.0,7021.0,7077.0,7186.0,7525.0,7763.0,8133.0,8305.0,8410.0,8589.0,9639.0,10132.0,10514.0,10623.0,10703.0,11069.0,11457.0,11532.0,12155.0,12484.0,13124.0,13975.0,15906.0,16075.0,16371.0,17744.0,17893.0,18149.0,18332.0,19278.0,19959.0,20589.0,21432.0,21099.0,21404.0,22295.0,22996.0,24834.0,26674.0,27889.0,30615.0,32925.0,34830.0,39851.0,42359.0,,,,,,,,,,,,,,,,,,,,,,,,,,,,,,,,,,,,,,4031.0,,5410.0,,,,,,,,,,,,,,,,,,,,,,,,,,,,,,,,,,,,,,1461.0,,3530.0,,,1187.0,84135.428,9.99626,829.91977,,,
TUV,,,,,,,,,,,,,2.08,2.06,,,,,1.94,,,,,,4.55,,,,,,0.96,,,,,,,,,,,,,,,,,,,,,,,,,,,,,,,,,,,,,,,,,,,,,,2.0,2.0,,,,,2.0,,,,,,5.0,,,,,,1.0,,,,,,,,,,,,,,,,,,,,,,,,,,,,,,,,,,,,,,,,,2.0,,,,,,,,,,,,,,,,,,,,,,,,,,,,2.0,,,,,,,,,,,,3.0,,,,1071.0,11.069,6.81,0.1,,100.0,
TZA,,,,,,,,,,,,,0.04,,,,0.01,,,,,,0.02,,0.02,,,,0.12,,,,0.12,,,,,,,,,,,,,,,,,,,,,,,,,,,,,,,,,,,,,,,,,,,,147.0,,,,43.0,,,,,,99.0,,104.0,,,,682.0,,,,755.0,,,,,,,,,,,,,,,,,,,,,99.0,,,,175.0,,,,,,366.0,,933.0,,,,768.0,,,,582.0,,,,,,,,,,,,,,,,,,,,21.0,,,,12.0,,,,,,44.0,,,,,,89.0,,,,,,99.35,61704.518,0.0024,0.13506,0.01534,,
UGA,,,,,,,,,,,,,,,0.04,0.04,,,,,,,,,,0.07,,,0.01,0.07,0.06,,0.11,,,,,,,,,,,,,,,,,,,,,,,,,,,,,,,,,,,,,,,,,,,,,,117.0,98.0,,,,,,,,,,276.0,,,26.0,310.0,255.0,,504.0,,,,,,,,,,,,,,,,,,,,,,,228.0,,,,,,,,,,,,,,,900.0,,,1084.0,,,,,,,,,,,,,,,,,,,,,,18.0,342.0,,,,,,,,,,,,,,30.0,,,,,92.38,44404.611,0.31088,12.38031,0.00678,,
UKR,,,,,,,,,,,4.51,4.48,4.5,4.52,4.52,4.56,4.53,4.54,4.54,6.37,6.49,6.53,6.64,6.71,5.86,,,,,,,,,,,,,,,,,,,,,,,,,,,,,,,,,,,,,,,,,,,,,,,,,,22372.0,21993.0,21903.0,21829.0,21693.0,21709.0,21432.0,21351.0,21250.0,29693.0,30147.0,30255.0,30688.0,30934.0,26954.0,,,,,,,,,,,,,,,,,,,,,,,,,,,,,,,,,,,,,,,,,,,,,,,,,,,,,,,,,,,,,,,,,,,,,,,,,,,,,,,,,,,,,,,,,,,907.2,43909.666,1.40783,58.94451,,100.0,1.38
URY,,,,,,,,,,,,,12.0,,,,,,7.5,,,,,,,,12.36,14.71,,,,2.26,2.49,,,,,,,,,,,,,,,,,,,,,,,,,,,,,,,,,,,,,,,,,,,,3936.0,,,,,,2476.0,,,,,,,,4175.0,4983.0,,,,766.0,845.0,,,,,,,,,,,,,,,,,,,,,,,,,,,,,,,,,,,1561.0,,,,,175.0,193.0,,,,,,,,,,,,,,,,,,,,,,,,,,,,,,,,,,,,,,,2.0,2.0,,2310.0,3429.086,30.55593,107.52632,,95.0,
USA,,,,,,,,,,,4.77,5.75,5.77,5.78,5.8,5.8,5.78,5.83,5.85,5.89,5.89,5.93,5.96,5.98,5.95,6.0,5.97,5.98,5.95,5.96,5.96,6.0,6.0,,,,,,,,,,,,,,,,,,,,,,,,,,,,,,,,,,,,,,,,,,134245.0,163400.0,165700.0,167500.0,169800.0,171600.0,172600.0,176100.0,178400.0,181400.0,183200.0,186100.0,188900.0,191400.0,192300.0,195800.0,196500.0,198500.0,199500.0,201387.0,202241.0,204013.0,205048.0,,,,,,,,,,,,,,,,,,,329418.0,,,,,454582.0,,,,,495175.0,,,,,,,,,546830.0,517250.0,509954.0,542534.0,,,,,,,,,,,,,,,,,,,,,,,,,,,,,,,,,,,,,,,,,,10921.0,335942.003,405.45735,133505.7519,,15.0,
UZB,,,,,,,,2.46,2.43,2.21,2.06,2.11,2.11,2.09,2.02,1.97,1.8,1.75,1.64,1.6,1.65,1.69,1.61,1.6,1.5,,,,,,1.1,,,,,,,,,,,,,,,,,,,,,,,,2195.0,,,,,3213.0,4694.0,5077.0,5313.0,,,,,,,,,5852.0,5852.0,5406.0,5109.0,5283.0,5365.0,5368.0,5254.0,5194.0,4805.0,4748.0,4513.0,4468.0,4693.0,4861.0,4719.0,4749.0,4520.0,,,,,,3679.0,,,,,,,,,,,,,,,,,,,,,,,,,,,,,,,,,,,,,,,,,,,,,,,,,,,,,,,,,,,,,,,,,,,,,,,,,,,,,,,,,,,,,418.0,33526.656,6.61058,218.321,,,
VCT,,,,,,,,0.53,,,0.44,1.85,,,1.15,,,,,,,,1.66,,,,,,,,,,,,,,,,,,,,,,,,,,,,,,,,,,,,,,,,,,,,,,,,,6.0,,,5.0,21.0,,,13.0,,,,,,,,18.0,,,,,,,,,,,,,,,,,,,,,,,,,,,,,,,,,,,,,,,,,,,,,,,,,,,,,,,,,,,,,,,,,,,,,,,,,,,,,,,,,,,,,,,,,,,,,620.3,104.632,23.28882,2.56177,,,
VEN,,,,,,,,,,,,5.48,,,,,,,,,,,,,,,,1.35,,,,,,,,,,,,,,,,,,,,,,,,,,,,,,,,,,,,,,,,,,,,,,,,13680.0,,,,,,,,,,,,,,,,4116.0,,,,,,,,,,,,,,,,,,,,,,,,,,,,,,,,,,,,,,,,,,,,,,,,,,,,,,,,,,,,,,,,,,,,,,,,,,,,,,,,,,,,,,,,384.5,28490.453,17.93469,493.74201,,,
VNM,,,,,,,,,,,,,,,,,,,,,,,,,,,,,,,,,,,,,,,,,,,,,,,,,,,,,,,,,,,,,,,,,,,,,,,,,,,,,,,,,,,,,,,,,,,,,,,,,,,,,,,,,,,,,,,,,,,,,,,,,,,,,,,,,,,,,,,,,,,,,,,,,,,,,,,,,,,,,,,,,,,,,,,,,,,,,,,,,,,,558.9,96648.685,0.59649,56.96081,,,
VUT,,,,,,,,,,,,,,,,,,,0.13,,,,0.68,,,,,,0.28,0.31,,,,,,,,,,,,,,,,,,,,,,,,,,,,,,,,,,,,,,,,,,,,,,,,,,,,,3.0,,,,17.0,,,,,,8.0,9.0,,,,,,,,,,,,,,,,,,,,,,,,,,,,,,,,,,,,,,,,,12.0,,,,,,,,,,,,,,,,,,,,,,,,,,,,,,,,,,,,,,,,,,,,,110.6,311.685,0.51086,0.14917,,,
WPR,,,,,,,,,,,,,,,,,,,,,,,,,,,,,,,,,4.6,,,,,,,,,,,,,,,,,,,,,,,,,,,,,,,,,,,,,,,,,,,,,,,,,,,,,,,,,,,,,,,,,,,,,,,,,,,,,,,,,,,,,,,,,,,,,,,,,,,,,,,,,,,,,,,,,,,,,,,,,,,,,,,,,,,,,,,,,,,,,,,,,,,,,,,,,
WSM,,,,,,,,,,,,,,0.54,,,,,0.89,,2.33,,,0.61,,,1.43,,,1.0,0.9,,,,,,,,,,,,,,,,,,,,,,,,,,,,,,,,,,,,,,,,,,,,,,,10.0,,,,,17.0,,45.0,,,12.0,,,29.0,,,21.0,19.0,,,,,,,,,,,,,,,,,,,,,,,,,,,,,,,,,,,,,,,,40.0,25.0,,,,,,,,,,,,,,,,,,,,,,,,,,,,46.0,,,,,,,,,,,2.0,2.0,,,,433.2,214.929,5.16324,1.03781,0.10147,,
YEM,,,,,,,,0.14,,,,,,,0.22,,,,,,0.21,,,,0.18,,,,,,0.18,0.17,0.19,,,,,,,,,,,,,,,,,,,,,,,,,,,,,,,,,,,,,,,256.0,,,,,,,478.0,,,,,,573.0,,,,543.0,,,,,,663.0,648.0,743.0,,,,,,,,,,,,,,,,,,,,,,,372.0,,,,,,324.0,,,,,,,,,,387.0,394.0,384.0,,,,,,,,,,,,,,,,,,,,,,,,,,,,,,,,,,,,,,,,,,,32284.046,0.31109,9.84537,,,
ZAF,,,,,,,,,,,,,,,1.14,,,,,,1.01,1.02,1.03,1.06,1.05,1.06,1.08,1.1,1.1,1.07,,1.07,0.22,0.19,,,,,,,,,,,,,,,,,,,,,,,,,,,,,,,,,,,,,,,,,,,,,5577.0,,,,,,5296.0,5387.0,5554.0,5770.0,5817.0,5985.0,6158.0,6314.0,6433.0,6365.0,,6586.0,1348.0,1170.0,,,,,,,,,,,,,,,,,,,,,,417.0,,,,,,3516.0,3792.0,4104.0,4625.0,4687.0,4785.0,5484.0,6948.0,,,,6165.0,1550.0,1220.0,,,,,,,,,,,,,,,,,,,,,,,,,,,,,,,,,,3330.0,,,,,54.0,,1187.0,58801.927,38.86398,2286.09563,0.56866,85.0,
ZMB,,,,,,,,,,,,,,,0.24,,,,,0.18,0.18,,,,,,0.18,,0.09,0.1,0.11,0.14,0.15,0.14,,,,,,,,,,,,,,,,,,,,,,,,,,,,,,,,,,,,,,,,,,,,,269.0,,,,,241.0,246.0,,,,,,312.0,,160.0,180.0,205.0,269.0,306.0,283.0,,,,,,,,,,,,,,,,,,,,,,193.0,,,,,,,262.0,282.0,,,,,,353.0,390.0,453.0,499.0,743.0,774.0,,,,,,,,,,,,,,,,,,,,,29.0,,,,,,,38.0,42.0,,,,,,,,,,23.0,19.0,192.5,18927.715,0.04248,0.77832,0.13325,86.0,
ZWE,0.13,,,,,0.14,,,,,,,,,,,,0.15,0.14,0.14,,0.19,0.17,0.17,0.08,0.05,0.09,0.07,0.07,0.31,0.3,0.3,0.13,0.3,,,,,,,,,,,,,,,,,,,,,,,,,,94.0,,,,,131.0,,,,,152.0,,,,,,,,,,,,192.0,181.0,182.0,,255.0,233.0,236.0,107.0,66.0,136.0,109.0,104.0,469.0,468.0,477.0,201.0,492.0,,,,,,,,,,,,,,,,,,,,,,,,,,,,134.0,,,,171.0,261.0,157.0,276.0,508.0,195.0,193.0,201.0,206.0,198.0,,14.0,,,,,22.0,,,,,33.0,,,,,,,,,,,,,,,6.0,,,,,,,,14.0,31.0,29.0,25.0,,25.0,208.4,15669.666,3.93994,58.72479,0.01707,,
