COUNTRY/REGION,YEAR,IndicatorCode,NumericValue
KGZ,2015,GOE_Q169,
LVA,2015,GOE_Q169,
POL,2015,GOE_Q169,
MWI,2015,GOE_Q169,
GHA,2015,GOE_Q169,
PRT,2015,GOE_Q169,
ZMB,2015,GOE_Q169,
UKR,2015,GOE_Q169,
ZWE,2015,GOE_Q169,
IRL,2015,GOE_Q169,
SYC,2015,GOE_Q169,
BEL,2015,GOE_Q169,
CAF,2015,GOE_Q169,
RUS,2015,GOE_Q169,
CUB,2015,GOE_Q169,
TJK,2015,GOE_Q169,
BTN,2015,GOE_Q169,
CPV,2015,GOE_Q169,
GEO,2015,GOE_Q169,
JOR,2015,GOE_Q169,
KHM,2015,GOE_Q169,
SVN,2015,GOE_Q169,
LTU,2015,GOE_Q169,
MYS,2015,GOE_Q169,
BGD,2015,GOE_Q169,
SYR,2015,GOE_Q169,
ETH,2015,GOE_Q169,
HUN,2015,GOE_Q169,
PHL,2015,GOE_Q169,
GRC,2015,GOE_Q169,
DOM,2015,GOE_Q169,
BGR,2015,GOE_Q169,
CHL,2015,GOE_Q169,
SWE,2015,GOE_Q169,
ITA,2015,GOE_Q169,
IRN,2015,GOE_Q169,
ALB,2015,GOE_Q169,
HND,2015,GOE_Q169,
ISL,2015,GOE_Q169,
JAM,2015,GOE_Q169,
SRB,2015,GOE_Q169,
LSO,2015,GOE_Q169,
ROU,2015,GOE_Q169,
DZA,2015,GOE_Q169,
KIR,2015,GOE_Q169,
CRI,2015,GOE_Q169,
SEN,2015,GOE_Q169,
MLT,2015,GOE_Q169,
SOM,2015,GOE_Q169,
BLR,2015,GOE_Q169,
OMN,2015,GOE_Q169,
NER,2015,GOE_Q169,
CAN,2015,GOE_Q169,
CIV,2015,GOE_Q169,
MDV,2015,GOE_Q169,
HRV,2015,GOE_Q169,
AFG,2015,GOE_Q169,
BHR,2015,GOE_Q169,
MNE,2015,GOE_Q169,
PER,2015,GOE_Q169,
ARM,2015,GOE_Q169,
AUS,2015,GOE_Q169,
BDI,2015,GOE_Q169,
GNB,2015,GOE_Q169,
SSD,2015,GOE_Q169,
CZE,2015,GOE_Q169,
NOR,2015,GOE_Q169,
GNQ,2015,GOE_Q169,
KAZ,2015,GOE_Q169,
USA,2015,GOE_Q169,
AZE,2015,GOE_Q169,
GBR,2015,GOE_Q169,
TUN,2015,GOE_Q169,
MRT,2015,GOE_Q169,
UZB,2015,GOE_Q169,
RWA,2015,GOE_Q169,
PRY,2015,GOE_Q169,
IRQ,2015,GOE_Q169,
VNM,2015,GOE_Q169,
BEN,2015,GOE_Q169,
KEN,2015,GOE_Q169,
LAO,2015,GOE_Q169,
MLI,2015,GOE_Q169,
LBN,2015,GOE_Q169,
SLV,2015,GOE_Q169,
ESP,2015,GOE_Q169,
NZL,2015,GOE_Q169,
PAK,2015,GOE_Q169,
UGA,2015,GOE_Q169,
BFA,2015,GOE_Q169,
AUT,2015,GOE_Q169,
TUR,2015,GOE_Q169,
MEX,2015,GOE_Q169,
TTO,2015,GOE_Q169,
DNK,2015,GOE_Q169,
SGP,2015,GOE_Q169,
CHN,2015,GOE_Q169,
MAR,2015,GOE_Q169,
ZAF,2015,GOE_Q169,
ISR,2015,GOE_Q169,
QAT,2015,GOE_Q169,
TKM,2015,GOE_Q169,
PAN,2015,GOE_Q169,
MDG,2015,GOE_Q169,
LUX,2015,GOE_Q169,
JPN,2015,GOE_Q169,
GMB,2015,GOE_Q169,
PRK,2015,GOE_Q169,
GTM,2015,GOE_Q169,
EST,2015,GOE_Q169,
MDA,2015,GOE_Q169,
URY,2015,GOE_Q169,
MNG,2015,GOE_Q169,
TLS,2015,GOE_Q169,
COL,2015,GOE_Q169,
FIN,2015,GOE_Q169,
BIH,2015,GOE_Q169,
SMR,2015,GOE_Q169,
CHE,2015,GOE_Q169,
ARG,2015,GOE_Q169,
NLD,2015,GOE_Q169,
COM,2015,GOE_Q169,
SEAR,2023,PATIENTSAFETY_COREINDICATORAGGREGATE,18.18181818
AFR,2023,PATIENTSAFETY_COREINDICATORAGGREGATE,19.04761905
EMR,2023,PATIENTSAFETY_COREINDICATORAGGREGATE,30.0
WPR,2023,PATIENTSAFETY_COREINDICATORAGGREGATE,18.18181818
SEAR,2023,PATIENTSAFETY_COREINDICATORAGGREGATE,18.18181818
EUR,2023,PATIENTSAFETY_COREINDICATORAGGREGATE,33.33333333
WPR,2023,PATIENTSAFETY_COREINDICATORAGGREGATE,50.0
AMR,2023,PATIENTSAFETY_COREINDICATORAGGREGATE,25.0
EUR,2023,PATIENTSAFETY_COREINDICATORAGGREGATE,6.451612903
AFR,2023,PATIENTSAFETY_COREINDICATORAGGREGATE,9.523809524
EMR,2023,PATIENTSAFETY_COREINDICATORAGGREGATE,20.0
WPR,2023,PATIENTSAFETY_COREINDICATORAGGREGATE,58.33333333
AFR,2023,PATIENTSAFETY_COREINDICATORAGGREGATE,19.04761905
EUR,2023,PATIENTSAFETY_COREINDICATORAGGREGATE,18.75
WPR,2023,PATIENTSAFETY_COREINDICATORAGGREGATE,50.0
SEAR,2023,PATIENTSAFETY_COREINDICATORAGGREGATE,33.33333333
GLOBAL,2023,PATIENTSAFETY_COREINDICATORAGGREGATE,12.5
SEAR,2023,PATIENTSAFETY_COREINDICATORAGGREGATE,40.0
SEAR,2023,PATIENTSAFETY_COREINDICATORAGGREGATE,20.0
GLOBAL,2023,PATIENTSAFETY_COREINDICATORAGGREGATE,17.64705882
EMR,2023,PATIENTSAFETY_COREINDICATORAGGREGATE,10.0
AFR,2023,PATIENTSAFETY_COREINDICATORAGGREGATE,4.761904762
AMR,2023,PATIENTSAFETY_COREINDICATORAGGREGATE,31.57894737
SEAR,2023,PATIENTSAFETY_COREINDICATORAGGREGATE,0.0
AFR,2023,PATIENTSAFETY_COREINDICATORAGGREGATE,20.0
WPR,2023,PATIENTSAFETY_COREINDICATORAGGREGATE,25.0
WPR,2023,PATIENTSAFETY_COREINDICATORAGGREGATE,41.66666667
AFR,2023,PATIENTSAFETY_COREINDICATORAGGREGATE,
SEAR,2023,PATIENTSAFETY_COREINDICATORAGGREGATE,45.45454545
EMR,2023,PATIENTSAFETY_COREINDICATORAGGREGATE,0.0
AFR,2023,PATIENTSAFETY_COREINDICATORAGGREGATE,15.0
EMR,2023,PATIENTSAFETY_COREINDICATORAGGREGATE,0.0
EUR,2023,PATIENTSAFETY_COREINDICATORAGGREGATE,15.15151515
AMR,2023,PATIENTSAFETY_COREINDICATORAGGREGATE,25.0
WPR,2023,PATIENTSAFETY_COREINDICATORAGGREGATE,58.33333333
EUR,2023,PATIENTSAFETY_COREINDICATORAGGREGATE,22.58064516
SEAR,2023,PATIENTSAFETY_COREINDICATORAGGREGATE,10.0
EMR,2023,PATIENTSAFETY_COREINDICATORAGGREGATE,0.0
GLOBAL,2023,PATIENTSAFETY_COREINDICATORAGGREGATE,32.03883495
AMR,2023,PATIENTSAFETY_COREINDICATORAGGREGATE,20.0
SEAR,2023,PATIENTSAFETY_COREINDICATORAGGREGATE,9.090909091
EUR,2023,PATIENTSAFETY_COREINDICATORAGGREGATE,40.625
AFR,2023,PATIENTSAFETY_COREINDICATORAGGREGATE,0.0
EMR,2023,PATIENTSAFETY_COREINDICATORAGGREGATE,45.45454545
GLOBAL,2023,PATIENTSAFETY_COREINDICATORAGGREGATE,28.97196262
GLOBAL,2023,PATIENTSAFETY_COREINDICATORAGGREGATE,37.73584906
EMR,2023,PATIENTSAFETY_COREINDICATORAGGREGATE,36.36363636
SEAR,2023,PATIENTSAFETY_COREINDICATORAGGREGATE,27.27272727
AFR,2023,PATIENTSAFETY_COREINDICATORAGGREGATE,19.04761905
AMR,2023,PATIENTSAFETY_COREINDICATORAGGREGATE,42.85714286
WPR,2023,PATIENTSAFETY_COREINDICATORAGGREGATE,58.33333333
EUR,2023,PATIENTSAFETY_COREINDICATORAGGREGATE,33.33333333
AMR,2023,PATIENTSAFETY_COREINDICATORAGGREGATE,20.0
GLOBAL,2023,PATIENTSAFETY_COREINDICATORAGGREGATE,21.15384615
EMR,2023,PATIENTSAFETY_COREINDICATORAGGREGATE,40.0
AMR,2023,PATIENTSAFETY_COREINDICATORAGGREGATE,42.10526316
WPR,2023,PATIENTSAFETY_COREINDICATORAGGREGATE,25.0
GLOBAL,2023,PATIENTSAFETY_COREINDICATORAGGREGATE,37.5
WPR,2023,PATIENTSAFETY_COREINDICATORAGGREGATE,50.0
AMR,2023,PATIENTSAFETY_COREINDICATORAGGREGATE,23.80952381
EUR,2023,PATIENTSAFETY_COREINDICATORAGGREGATE,46.66666667
GLOBAL,2023,PATIENTSAFETY_COREINDICATORAGGREGATE,19.81132075
AFR,2023,PATIENTSAFETY_COREINDICATORAGGREGATE,15.78947368
EUR,2023,PATIENTSAFETY_COREINDICATORAGGREGATE,21.21212121
EMR,2023,PATIENTSAFETY_COREINDICATORAGGREGATE,10.0
AMR,2023,PATIENTSAFETY_COREINDICATORAGGREGATE,4.761904762
EUR,2023,PATIENTSAFETY_COREINDICATORAGGREGATE,27.27272727
GLOBAL,2023,PATIENTSAFETY_COREINDICATORAGGREGATE,20.65217391
AMR,2023,PATIENTSAFETY_COREINDICATORAGGREGATE,10.0
GLOBAL,2023,PATIENTSAFETY_COREINDICATORAGGREGATE,18.0952381
PAK,2023,PATIENTSAFETY_COREINDICATORRESPONSE,
POL,2023,PATIENTSAFETY_COREINDICATORRESPONSE,
MNG,2023,PATIENTSAFETY_COREINDICATORRESPONSE,
IRL,2023,PATIENTSAFETY_COREINDICATORRESPONSE,
URY,2023,PATIENTSAFETY_COREINDICATORRESPONSE,
ARM,2023,PATIENTSAFETY_COREINDICATORRESPONSE,
URY,2023,PATIENTSAFETY_COREINDICATORRESPONSE,
LBR,2023,PATIENTSAFETY_COREINDICATORRESPONSE,
SYC,2023,PATIENTSAFETY_COREINDICATORRESPONSE,
PER,2023,PATIENTSAFETY_COREINDICATORRESPONSE,
SGP,2023,PATIENTSAFETY_COREINDICATORRESPONSE,
BTN,2023,PATIENTSAFETY_COREINDICATORRESPONSE,
BGD,2023,PATIENTSAFETY_COREINDICATORRESPONSE,
MYS,2023,PATIENTSAFETY_COREINDICATORRESPONSE,
IRL,2023,PATIENTSAFETY_COREINDICATORRESPONSE,
GNB,2023,PATIENTSAFETY_COREINDICATORRESPONSE,
GUY,2023,PATIENTSAFETY_COREINDICATORRESPONSE,
NZL,2023,PATIENTSAFETY_COREINDICATORRESPONSE,
PRT,2023,PATIENTSAFETY_COREINDICATORRESPONSE,
BRA,2023,PATIENTSAFETY_COREINDICATORRESPONSE,
CZE,2023,PATIENTSAFETY_COREINDICATORRESPONSE,
NLD,2023,PATIENTSAFETY_COREINDICATORRESPONSE,
URY,2023,PATIENTSAFETY_COREINDICATORRESPONSE,
JPN,2023,PATIENTSAFETY_COREINDICATORRESPONSE,
IDN,2023,PATIENTSAFETY_COREINDICATORRESPONSE,
KEN,2023,PATIENTSAFETY_COREINDICATORRESPONSE,
ECU,2023,PATIENTSAFETY_COREINDICATORRESPONSE,
NOR,2023,PATIENTSAFETY_COREINDICATORRESPONSE,
ARG,2023,PATIENTSAFETY_COREINDICATORRESPONSE,
CRI,2023,PATIENTSAFETY_COREINDICATORRESPONSE,
MMR,2023,PATIENTSAFETY_COREINDICATORRESPONSE,
MOZ,2023,PATIENTSAFETY_COREINDICATORRESPONSE,
MWI,2023,PATIENTSAFETY_COREINDICATORRESPONSE,
KHM,2023,PATIENTSAFETY_COREINDICATORRESPONSE,
BRA,2023,PATIENTSAFETY_COREINDICATORRESPONSE,
EST,2023,PATIENTSAFETY_COREINDICATORRESPONSE,
CZE,2023,PATIENTSAFETY_COREINDICATORRESPONSE,
AFG,2023,PATIENTSAFETY_COREINDICATORRESPONSE,
FIN,2023,PATIENTSAFETY_COREINDICATORRESPONSE,
NER,2023,PATIENTSAFETY_COREINDICATORRESPONSE,
CIV,2023,PATIENTSAFETY_COREINDICATORRESPONSE,
NPL,2023,PATIENTSAFETY_COREINDICATORRESPONSE,
BWA,2023,PATIENTSAFETY_COREINDICATORRESPONSE,
BOL,2023,PATIENTSAFETY_COREINDICATORRESPONSE,
ARE,2023,PATIENTSAFETY_COREINDICATORRESPONSE,
BTN,2023,PATIENTSAFETY_COREINDICATORRESPONSE,
DOM,2023,PATIENTSAFETY_COREINDICATORRESPONSE,
OMN,2023,PATIENTSAFETY_COREINDICATORRESPONSE,
NAM,2023,PATIENTSAFETY_COREINDICATORRESPONSE,
SWE,2023,PATIENTSAFETY_COREINDICATORRESPONSE,
IRN,2023,PATIENTSAFETY_COREINDICATORRESPONSE,
IRL,2023,PATIENTSAFETY_COREINDICATORRESPONSE,
GRC,2023,PATIENTSAFETY_COREINDICATORRESPONSE,
TTO,2023,PATIENTSAFETY_COREINDICATORRESPONSE,
POL,2023,PATIENTSAFETY_COREINDICATORRESPONSE,
NPL,2023,PATIENTSAFETY_COREINDICATORRESPONSE,
ZAF,2023,PATIENTSAFETY_COREINDICATORRESPONSE,
ARE,2023,PATIENTSAFETY_COREINDICATORRESPONSE,
MMR,2023,PATIENTSAFETY_COREINDICATORRESPONSE,
MNG,2023,PATIENTSAFETY_COREINDICATORRESPONSE,
NOR,2023,PATIENTSAFETY_COREINDICATORRESPONSE,
ISL,2023,PATIENTSAFETY_COREINDICATORRESPONSE,
CIV,2023,PATIENTSAFETY_COREINDICATORRESPONSE,
USA,2023,PATIENTSAFETY_COREINDICATORRESPONSE,
GHA,2023,PATIENTSAFETY_COREINDICATORRESPONSE,
NOR,2023,PATIENTSAFETY_COREINDICATORRESPONSE,
MOZ,2023,PATIENTSAFETY_COREINDICATORRESPONSE,
ISR,2023,PATIENTSAFETY_COREINDICATORRESPONSE,
IRN,2023,PATIENTSAFETY_COREINDICATORRESPONSE,
CAN,2023,PATIENTSAFETY_COREINDICATORRESPONSE,
SGP,2023,PATIENTSAFETY_COREINDICATORRESPONSE,
CAN,2023,PATIENTSAFETY_COREINDICATORRESPONSE,
BFA,2023,PATIENTSAFETY_COREINDICATORRESPONSE,
BRN,2023,PATIENTSAFETY_COREINDICATORRESPONSE,
AZE,2023,PATIENTSAFETY_COREINDICATORRESPONSE,
AUS,2023,PATIENTSAFETY_COREINDICATORRESPONSE,
LBR,2023,PATIENTSAFETY_COREINDICATORRESPONSE,
MOZ,2023,PATIENTSAFETY_COREINDICATORRESPONSE,
LVA,2023,PATIENTSAFETY_COREINDICATORRESPONSE,
USA,2023,PATIENTSAFETY_COREINDICATORRESPONSE,
KOR,2023,PATIENTSAFETY_COREINDICATORRESPONSE,
CHN,2023,PATIENTSAFETY_COREINDICATORRESPONSE,
PRY,2023,PATIENTSAFETY_COREINDICATORRESPONSE,
LKA,2023,PATIENTSAFETY_COREINDICATORRESPONSE,
NOR,2023,PATIENTSAFETY_COREINDICATORRESPONSE,
BRA,2023,PATIENTSAFETY_COREINDICATORRESPONSE,
MYS,2023,PATIENTSAFETY_COREINDICATORRESPONSE,
KAZ,2023,PATIENTSAFETY_COREINDICATORRESPONSE,
SYC,2023,PATIENTSAFETY_COREINDICATORRESPONSE,
PHL,2023,PATIENTSAFETY_COREINDICATORRESPONSE,
ISR,2023,PATIENTSAFETY_COREINDICATORRESPONSE,
BOL,2023,PATIENTSAFETY_COREINDICATORRESPONSE,
CHE,2023,PATIENTSAFETY_COREINDICATORRESPONSE,
NLD,2023,PATIENTSAFETY_COREINDICATORRESPONSE,
BGD,2023,PATIENTSAFETY_COREINDICATORRESPONSE,
MWI,2023,PATIENTSAFETY_COREINDICATORRESPONSE,
COL,2023,PATIENTSAFETY_COREINDICATORRESPONSE,
FIN,2023,PATIENTSAFETY_COREINDICATORRESPONSE,
GBR,2023,PATIENTSAFETY_COREINDICATORRESPONSE,
FIN,2023,PATIENTSAFETY_COREINDICATORRESPONSE,
CHE,2023,PATIENTSAFETY_COREINDICATORRESPONSE,
CHE,2023,PATIENTSAFETY_COREINDICATORRESPONSE,
GNB,2023,PATIENTSAFETY_COREINDICATORRESPONSE,
ARG,2023,PATIENTSAFETY_COREINDICATORRESPONSE,
MNG,2023,PATIENTSAFETY_COREINDICATORRESPONSE,
CHN,2023,PATIENTSAFETY_COREINDICATORRESPONSE,
LKA,2023,PATIENTSAFETY_COREINDICATORRESPONSE,
LUX,2023,PATIENTSAFETY_COREINDICATORRESPONSE,
MWI,2023,PATIENTSAFETY_COREINDICATORRESPONSE,
UGA,2023,PATIENTSAFETY_COREINDICATORRESPONSE,
GEO,2023,PATIENTSAFETY_COREINDICATORRESPONSE,
SYC,2023,PATIENTSAFETY_COREINDICATORRESPONSE,
LKA,2023,PATIENTSAFETY_COREINDICATORRESPONSE,
ESP,2023,PATIENTSAFETY_COREINDICATORRESPONSE,
ARM,2023,PATIENTSAFETY_COREINDICATORRESPONSE,
NPL,2023,PATIENTSAFETY_COREINDICATORRESPONSE,
BRA,2023,PATIENTSAFETY_COREINDICATORRESPONSE,
LBN,2023,PATIENTSAFETY_COREINDICATORRESPONSE,
PHL,2023,PATIENTSAFETY_COREINDICATORRESPONSE,
AFG,2023,PATIENTSAFETY_COREINDICATORRESPONSE,
ROU,2023,PATIENTSAFETY_COREINDICATORRESPONSE,
FIN,2023,PATIENTSAFETY_COREINDICATORRESPONSE,
MMR,2023,PATIENTSAFETY_COREINDICATORRESPONSE,
MYS,2023,PATIENTSAFETY_COREINDICATORRESPONSE,
SSD,2023,PATIENTSAFETY_COREINDICATORRESPONSE,
GHA,2023,PATIENTSAFETY_COREINDICATORRESPONSE,
OMN,2023,PATIENTSAFETY_COREINDICATORRESPONSE,
BWA,2023,PATIENTSAFETY_COREINDICATORRESPONSE,
SLV,2023,PATIENTSAFETY_COREINDICATORRESPONSE,
KOR,2023,PATIENTSAFETY_COREINDICATORRESPONSE,
BRN,2023,PATIENTSAFETY_COREINDICATORRESPONSE,
CHN,2023,PATIENTSAFETY_COREINDICATORRESPONSE,
HTI,2023,PATIENTSAFETY_COREINDICATORRESPONSE,
BGR,2023,PATIENTSAFETY_COREINDICATORRESPONSE,
SYC,2023,PATIENTSAFETY_COREINDICATORRESPONSE,
GEO,2023,PATIENTSAFETY_COREINDICATORRESPONSE,
AUT,2023,PATIENTSAFETY_COREINDICATORRESPONSE,
TTO,2023,PATIENTSAFETY_COREINDICATORRESPONSE,
IRN,2023,PATIENTSAFETY_COREINDICATORRESPONSE,
CHN,2023,PATIENTSAFETY_COREINDICATORRESPONSE,
QAT,2023,PATIENTSAFETY_COREINDICATORRESPONSE,
VNM,2023,PATIENTSAFETY_COREINDICATORRESPONSE,
MKD,2023,PATIENTSAFETY_COREINDICATORRESPONSE,
PHL,2023,PATIENTSAFETY_COREINDICATORRESPONSE,
GHA,2023,PATIENTSAFETY_COREINDICATORRESPONSE,
PAK,2023,PATIENTSAFETY_COREINDICATORRESPONSE,
CZE,2023,PATIENTSAFETY_COREINDICATORRESPONSE,
PER,2023,PATIENTSAFETY_COREINDICATORRESPONSE,
CRI,2023,PATIENTSAFETY_COREINDICATORRESPONSE,
MLT,2023,PATIENTSAFETY_COREINDICATORRESPONSE,
BOL,2023,PATIENTSAFETY_COREINDICATORRESPONSE,
LUX,2023,PATIENTSAFETY_COREINDICATORRESPONSE,
EST,2023,PATIENTSAFETY_COREINDICATORRESPONSE,
NAM,2023,PATIENTSAFETY_COREINDICATORRESPONSE,
NZL,2023,PATIENTSAFETY_COREINDICATORRESPONSE,
SAU,2023,PATIENTSAFETY_COREINDICATORRESPONSE,
GIN,2023,PATIENTSAFETY_COREINDICATORRESPONSE,
BEL,2023,PATIENTSAFETY_COREINDICATORRESPONSE,
CHL,2023,PATIENTSAFETY_COREINDICATORRESPONSE,
TLS,2023,PATIENTSAFETY_COREINDICATORRESPONSE,
LKA,2023,PATIENTSAFETY_COREINDICATORRESPONSE,
CRI,2023,PATIENTSAFETY_COREINDICATORRESPONSE,
COL,2023,PATIENTSAFETY_COREINDICATORRESPONSE,
NLD,2023,PATIENTSAFETY_COREINDICATORRESPONSE,
AUT,2023,PATIENTSAFETY_COREINDICATORRESPONSE,
CUB,2023,PATIENTSAFETY_COREINDICATORRESPONSE,
KAZ,2023,PATIENTSAFETY_COREINDICATORRESPONSE,
NZL,2023,PATIENTSAFETY_COREINDICATORRESPONSE,
CRI,2023,PATIENTSAFETY_COREINDICATORRESPONSE,
CUB,2023,PATIENTSAFETY_COREINDICATORRESPONSE,
BLZ,2023,PATIENTSAFETY_COREINDICATORRESPONSE,
MWI,2023,PATIENTSAFETY_COREINDICATORRESPONSE,
ZAF,2023,PATIENTSAFETY_COREINDICATORRESPONSE,
GIN,2023,PATIENTSAFETY_COREINDICATORRESPONSE,
GUY,2023,PATIENTSAFETY_COREINDICATORRESPONSE,
ISR,2023,PATIENTSAFETY_COREINDICATORRESPONSE,
FRA,2023,PATIENTSAFETY_COREINDICATORRESPONSE,
BEN,2023,PATIENTSAFETY_COREINDICATORRESPONSE,
GEO,2023,PATIENTSAFETY_COREINDICATORRESPONSE,
GRC,2023,PATIENTSAFETY_COREINDICATORRESPONSE,
MDV,2023,PATIENTSAFETY_COREINDICATORRESPONSE,
BFA,2023,PATIENTSAFETY_COREINDICATORRESPONSE,
MOZ,2023,PATIENTSAFETY_COREINDICATORRESPONSE,
TTO,2023,PATIENTSAFETY_COREINDICATORRESPONSE,
JAM,2023,PATIENTSAFETY_COREINDICATORRESPONSE,
THA,2023,PATIENTSAFETY_COREINDICATORRESPONSE,
NPL,2023,PATIENTSAFETY_COREINDICATORRESPONSE,
POL,2023,PATIENTSAFETY_COREINDICATORRESPONSE,
SSD,2023,PATIENTSAFETY_COREINDICATORRESPONSE,
BEL,2023,PATIENTSAFETY_COREINDICATORRESPONSE,
CHL,2023,PATIENTSAFETY_COREINDICATORRESPONSE,
CHN,2023,PATIENTSAFETY_COREINDICATORRESPONSE,
IRL,2023,PATIENTSAFETY_COREINDICATORRESPONSE,
PAK,2023,PATIENTSAFETY_COREINDICATORRESPONSE,
SYC,2023,PATIENTSAFETY_COREINDICATORRESPONSE,
JAM,2023,PATIENTSAFETY_COREINDICATORRESPONSE,
ESP,2023,PATIENTSAFETY_COREINDICATORRESPONSE,
BEL,2023,PATIENTSAFETY_COREINDICATORRESPONSE,
AZE,2023,PATIENTSAFETY_COREINDICATORRESPONSE,
PRT,2023,PATIENTSAFETY_COREINDICATORRESPONSE,
USA,2023,PATIENTSAFETY_COREINDICATORRESPONSE,
GUY,2023,PATIENTSAFETY_COREINDICATORRESPONSE,
NGA,2023,PATIENTSAFETY_COREINDICATORRESPONSE,
CPV,2023,PATIENTSAFETY_COREINDICATORRESPONSE,
ARG,2023,PATIENTSAFETY_COREINDICATORRESPONSE,
NZL,2023,PATIENTSAFETY_COREINDICATORRESPONSE,
FIN,2023,PATIENTSAFETY_COREINDICATORRESPONSE,
PAK,2023,PATIENTSAFETY_COREINDICATORRESPONSE,
CHL,2023,PATIENTSAFETY_COREINDICATORRESPONSE,
KEN,2023,PATIENTSAFETY_COREINDICATORRESPONSE,
CAN,2023,PATIENTSAFETY_COREINDICATORRESPONSE,
ETH,2023,PATIENTSAFETY_COREINDICATORRESPONSE,
KOR,2023,PATIENTSAFETY_COREINDICATORRESPONSE,
MLT,2023,PATIENTSAFETY_COREINDICATORRESPONSE,
SDN,2023,PATIENTSAFETY_COREINDICATORRESPONSE,
ISL,2023,PATIENTSAFETY_COREINDICATORRESPONSE,
BLZ,2023,PATIENTSAFETY_COREINDICATORRESPONSE,
ZAF,2023,PATIENTSAFETY_COREINDICATORRESPONSE,
CIV,2023,PATIENTSAFETY_COREINDICATORRESPONSE,
OMN,2023,PATIENTSAFETY_COREINDICATORRESPONSE,
CHL,2023,PATIENTSAFETY_COREINDICATORRESPONSE,
ARG,2023,PATIENTSAFETY_COREINDICATORRESPONSE,
QAT,2023,PATIENTSAFETY_COREINDICATORRESPONSE,
TLS,2023,PATIENTSAFETY_COREINDICATORRESPONSE,
MKD,2023,PATIENTSAFETY_COREINDICATORRESPONSE,
ESP,2023,PATIENTSAFETY_COREINDICATORRESPONSE,
IRQ,2023,PATIENTSAFETY_COREINDICATORRESPONSE,
THA,2023,PATIENTSAFETY_COREINDICATORRESPONSE,
JPN,2023,PATIENTSAFETY_COREINDICATORRESPONSE,
POL,2023,PATIENTSAFETY_COREINDICATORRESPONSE,
BGR,2023,PATIENTSAFETY_COREINDICATORRESPONSE,
MWI,2023,PATIENTSAFETY_COREINDICATORRESPONSE,
BRA,2023,PATIENTSAFETY_COREINDICATORRESPONSE,
FRA,2023,PATIENTSAFETY_COREINDICATORRESPONSE,
DNK,2023,PATIENTSAFETY_COREINDICATORRESPONSE,
BFA,2023,PATIENTSAFETY_COREINDICATORRESPONSE,
LVA,2023,PATIENTSAFETY_COREINDICATORRESPONSE,
GUY,2023,PATIENTSAFETY_COREINDICATORRESPONSE,
NER,2023,PATIENTSAFETY_COREINDICATORRESPONSE,
THA,2023,PATIENTSAFETY_COREINDICATORRESPONSE,
MWI,2023,PATIENTSAFETY_COREINDICATORRESPONSE,
LBN,2023,PATIENTSAFETY_COREINDICATORRESPONSE,
USA,2023,PATIENTSAFETY_COREINDICATORRESPONSE,
KHM,2023,PATIENTSAFETY_COREINDICATORRESPONSE,
ESP,2023,PATIENTSAFETY_COREINDICATORRESPONSE,
FRA,2023,PATIENTSAFETY_COREINDICATORRESPONSE,
SYC,2023,PATIENTSAFETY_COREINDICATORRESPONSE,
UGA,2023,PATIENTSAFETY_COREINDICATORRESPONSE,
CZE,2023,PATIENTSAFETY_COREINDICATORRESPONSE,
ISR,2023,PATIENTSAFETY_COREINDICATORRESPONSE,
THA,2023,PATIENTSAFETY_COREINDICATORRESPONSE,
PAK,2023,PATIENTSAFETY_COREINDICATORRESPONSE,
AUS,2023,PATIENTSAFETY_COREINDICATORRESPONSE,
NER,2023,PATIENTSAFETY_COREINDICATORRESPONSE,
BEN,2023,PATIENTSAFETY_COREINDICATORRESPONSE,
VNM,2023,PATIENTSAFETY_COREINDICATORRESPONSE,
CHL,2023,PATIENTSAFETY_COREINDICATORRESPONSE,
CZE,2023,PATIENTSAFETY_COREINDICATORRESPONSE,
AUS,2023,PATIENTSAFETY_COREINDICATORRESPONSE,
IND,2023,PATIENTSAFETY_COREINDICATORRESPONSE,
IRN,2023,PATIENTSAFETY_COREINDICATORRESPONSE,
ISL,2023,PATIENTSAFETY_COREINDICATORRESPONSE,
CHL,2023,PATIENTSAFETY_COREINDICATORRESPONSE,
CMR,2023,PATIENTSAFETY_COREINDICATORRESPONSE,
LKA,2023,PATIENTSAFETY_COREINDICATORRESPONSE,
SDN,2023,PATIENTSAFETY_COREINDICATORRESPONSE,
GNB,2023,PATIENTSAFETY_COREINDICATORRESPONSE,
PRK,2023,PATIENTSAFETY_COREINDICATORRESPONSE,
MNG,2023,PATIENTSAFETY_COREINDICATORRESPONSE,
BOL,2023,PATIENTSAFETY_COREINDICATORRESPONSE,
SLV,2023,PATIENTSAFETY_COREINDICATORRESPONSE,
PAN,2023,PATIENTSAFETY_COREINDICATORRESPONSE,
CPV,2023,PATIENTSAFETY_COREINDICATORRESPONSE,
IRQ,2023,PATIENTSAFETY_COREINDICATORRESPONSE,
ARM,2023,PATIENTSAFETY_COREINDICATORRESPONSE,
KEN,2023,PATIENTSAFETY_COREINDICATORRESPONSE,
TUR,2023,PATIENTSAFETY_COREINDICATORRESPONSE,
SVK,2023,PATIENTSAFETY_COREINDICATORRESPONSE,
SWE,2023,PATIENTSAFETY_COREINDICATORRESPONSE,
JAM,2023,PATIENTSAFETY_COREINDICATORRESPONSE,
CZE,2023,PATIENTSAFETY_COREINDICATORRESPONSE,
SSD,2023,PATIENTSAFETY_COREINDICATORRESPONSE,
PRT,2023,PATIENTSAFETY_COREINDICATORRESPONSE,
BRN,2023,PATIENTSAFETY_COREINDICATORRESPONSE,
BTN,2023,PATIENTSAFETY_COREINDICATORRESPONSE,
BFA,2023,PATIENTSAFETY_COREINDICATORRESPONSE,
THA,2023,PATIENTSAFETY_COREINDICATORRESPONSE,
JAM,2023,PATIENTSAFETY_COREINDICATORRESPONSE,
SVK,2023,PATIENTSAFETY_COREINDICATORRESPONSE,
BWA,2023,PATIENTSAFETY_COREINDICATORRESPONSE,
SVK,2023,PATIENTSAFETY_COREINDICATORRESPONSE,
IRQ,2023,PATIENTSAFETY_COREINDICATORRESPONSE,
CHL,2023,PATIENTSAFETY_COREINDICATORRESPONSE,
BGR,2023,PATIENTSAFETY_COREINDICATORRESPONSE,
BEN,2023,PATIENTSAFETY_COREINDICATORRESPONSE,
JPN,2023,PATIENTSAFETY_COREINDICATORRESPONSE,
DOM,2023,PATIENTSAFETY_COREINDICATORRESPONSE,
ARE,2023,PATIENTSAFETY_COREINDICATORRESPONSE,
IRL,2023,PATIENTSAFETY_COREINDICATORRESPONSE,
CRI,2023,PATIENTSAFETY_COREINDICATORRESPONSE,
URY,2023,PATIENTSAFETY_COREINDICATORRESPONSE,
KOR,2023,PATIENTSAFETY_COREINDICATORRESPONSE,
ISL,2023,PATIENTSAFETY_COREINDICATORRESPONSE,
PRK,2023,PATIENTSAFETY_COREINDICATORRESPONSE,
CZE,2023,PATIENTSAFETY_COREINDICATORRESPONSE,
MKD,2023,PATIENTSAFETY_COREINDICATORRESPONSE,
FRA,2023,PATIENTSAFETY_COREINDICATORRESPONSE,
IRL,2023,PATIENTSAFETY_COREINDICATORRESPONSE,
MKD,2023,PATIENTSAFETY_COREINDICATORRESPONSE,
POL,2023,PATIENTSAFETY_COREINDICATORRESPONSE,
ISR,2023,PATIENTSAFETY_COREINDICATORRESPONSE,
ESP,2023,PATIENTSAFETY_COREINDICATORRESPONSE,
BRN,2023,PATIENTSAFETY_COREINDICATORRESPONSE,
ROU,2023,PATIENTSAFETY_COREINDICATORRESPONSE,
IRL,2023,PATIENTSAFETY_COREINDICATORRESPONSE,
SGP,2023,PATIENTSAFETY_COREINDICATORRESPONSE,
AUT,2023,PATIENTSAFETY_COREINDICATORRESPONSE,
AZE,2023,PATIENTSAFETY_COREINDICATORRESPONSE,
SDN,2023,PATIENTSAFETY_COREINDICATORRESPONSE,
NLD,2023,PATIENTSAFETY_COREINDICATORRESPONSE,
CAN,2023,PATIENTSAFETY_COREINDICATORRESPONSE,
KAZ,2023,PATIENTSAFETY_COREINDICATORRESPONSE,
GIN,2023,PATIENTSAFETY_COREINDICATORRESPONSE,
AUT,2023,PATIENTSAFETY_COREINDICATORRESPONSE,
CRI,2023,PATIENTSAFETY_COREINDICATORRESPONSE,
TUR,2023,PATIENTSAFETY_COREINDICATORRESPONSE,
NOR,2023,PATIENTSAFETY_COREINDICATORRESPONSE,
PER,2023,PATIENTSAFETY_COREINDICATORRESPONSE,
ARE,2023,PATIENTSAFETY_COREINDICATORRESPONSE,
SWE,2023,PATIENTSAFETY_COREINDICATORRESPONSE,
SGP,2023,PATIENTSAFETY_COREINDICATORRESPONSE,
ARE,2023,PATIENTSAFETY_COREINDICATORRESPONSE,
BGD,2023,PATIENTSAFETY_COREINDICATORRESPONSE,
SSD,2023,PATIENTSAFETY_COREINDICATORRESPONSE,
ECU,2023,PATIENTSAFETY_COREINDICATORRESPONSE,
BRA,2023,PATIENTSAFETY_COREINDICATORRESPONSE,
CAN,2023,PATIENTSAFETY_COREINDICATORRESPONSE,
MLT,2023,PATIENTSAFETY_COREINDICATORRESPONSE,
GRC,2023,PATIENTSAFETY_COREINDICATORRESPONSE,
PRT,2023,PATIENTSAFETY_COREINDICATORRESPONSE,
BLZ,2023,PATIENTSAFETY_COREINDICATORRESPONSE,
TLS,2023,PATIENTSAFETY_COREINDICATORRESPONSE,
UGA,2023,PATIENTSAFETY_COREINDICATORRESPONSE,
ROU,2023,PATIENTSAFETY_COREINDICATORRESPONSE,
MKD,2023,PATIENTSAFETY_COREINDICATORRESPONSE,
SLV,2023,PATIENTSAFETY_COREINDICATORRESPONSE,
TLS,2023,PATIENTSAFETY_COREINDICATORRESPONSE,
DNK,2023,PATIENTSAFETY_COREINDICATORRESPONSE,
ARM,2023,PATIENTSAFETY_COREINDICATORRESPONSE,
UGA,2023,PATIENTSAFETY_COREINDICATORRESPONSE,
PRY,2023,PATIENTSAFETY_COREINDICATORRESPONSE,
GHA,2023,PATIENTSAFETY_COREINDICATORRESPONSE,
MOZ,2023,PATIENTSAFETY_COREINDICATORRESPONSE,
NGA,2023,PATIENTSAFETY_COREINDICATORRESPONSE,
MDV,2023,PATIENTSAFETY_COREINDICATORRESPONSE,
MDV,2023,PATIENTSAFETY_COREINDICATORRESPONSE,
FIN,2023,PATIENTSAFETY_COREINDICATORRESPONSE,
PAN,2023,PATIENTSAFETY_COREINDICATORRESPONSE,
BGR,2023,PATIENTSAFETY_COREINDICATORRESPONSE,
ECU,2023,PATIENTSAFETY_COREINDICATORRESPONSE,
BEL,2023,PATIENTSAFETY_COREINDICATORRESPONSE,
IND,2023,PATIENTSAFETY_COREINDICATORRESPONSE,
NGA,2023,PATIENTSAFETY_COREINDICATORRESPONSE,
VNM,2023,PATIENTSAFETY_COREINDICATORRESPONSE,
BWA,2023,PATIENTSAFETY_COREINDICATORRESPONSE,
NGA,2023,PATIENTSAFETY_COREINDICATORRESPONSE,
SYC,2023,PATIENTSAFETY_COREINDICATORRESPONSE,
NAM,2023,PATIENTSAFETY_COREINDICATORRESPONSE,
CHE,2023,PATIENTSAFETY_COREINDICATORRESPONSE,
VNM,2023,PATIENTSAFETY_COREINDICATORRESPONSE,
SAU,2023,PATIENTSAFETY_COREINDICATORRESPONSE,
THA,2023,PATIENTSAFETY_COREINDICATORRESPONSE,
TUR,2023,PATIENTSAFETY_COREINDICATORRESPONSE,
BRN,2023,PATIENTSAFETY_COREINDICATORRESPONSE,
CRI,2023,PATIENTSAFETY_COREINDICATORRESPONSE,
CAN,2023,PATIENTSAFETY_COREINDICATORRESPONSE,
LVA,2023,PATIENTSAFETY_COREINDICATORRESPONSE,
SDN,2023,PATIENTSAFETY_COREINDICATORRESPONSE,
MNG,2023,PATIENTSAFETY_COREINDICATORRESPONSE,
CYP,2023,PATIENTSAFETY_COREINDICATORRESPONSE,
CIV,2023,PATIENTSAFETY_COREINDICATORRESPONSE,
MOZ,2023,PATIENTSAFETY_COREINDICATORRESPONSE,
ARE,2023,PATIENTSAFETY_COREINDICATORRESPONSE,
ARM,2023,PATIENTSAFETY_COREINDICATORRESPONSE,
NZL,2023,PATIENTSAFETY_COREINDICATORRESPONSE,
SGP,2023,PATIENTSAFETY_COREINDICATORRESPONSE,
KHM,2023,PATIENTSAFETY_COREINDICATORRESPONSE,
GRC,2023,PATIENTSAFETY_COREINDICATORRESPONSE,
IDN,2023,PATIENTSAFETY_COREINDICATORRESPONSE,
CIV,2023,PATIENTSAFETY_COREINDICATORRESPONSE,
CRI,2023,PATIENTSAFETY_COREINDICATORRESPONSE,
MDV,2023,PATIENTSAFETY_COREINDICATORRESPONSE,
PRY,2023,PATIENTSAFETY_COREINDICATORRESPONSE,
GRC,2023,PATIENTSAFETY_COREINDICATORRESPONSE,
GEO,2023,PATIENTSAFETY_COREINDICATORRESPONSE,
DOM,2023,PATIENTSAFETY_COREINDICATORRESPONSE,
MDV,2023,PATIENTSAFETY_COREINDICATORRESPONSE,
BRA,2023,PATIENTSAFETY_COREINDICATORRESPONSE,
EST,2023,PATIENTSAFETY_COREINDICATORRESPONSE,
AFG,2023,PATIENTSAFETY_COREINDICATORRESPONSE,
MDV,2023,PATIENTSAFETY_COREINDICATORRESPONSE,
GBR,2023,PATIENTSAFETY_COREINDICATORRESPONSE,
NLD,2023,PATIENTSAFETY_COREINDICATORRESPONSE,
PRT,2023,PATIENTSAFETY_COREINDICATORRESPONSE,
MMR,2023,PATIENTSAFETY_COREINDICATORRESPONSE,
PRT,2023,PATIENTSAFETY_COREINDICATORRESPONSE,
NER,2023,PATIENTSAFETY_COREINDICATORRESPONSE,
CRI,2023,PATIENTSAFETY_COREINDICATORRESPONSE,
PRT,2023,PATIENTSAFETY_COREINDICATORRESPONSE,
KAZ,2023,PATIENTSAFETY_COREINDICATORRESPONSE,
NLD,2023,PATIENTSAFETY_COREINDICATORRESPONSE,
PER,2023,PATIENTSAFETY_COREINDICATORRESPONSE,
IDN,2023,PATIENTSAFETY_COREINDICATORRESPONSE,
GEO,2023,PATIENTSAFETY_COREINDICATORRESPONSE,
BEN,2023,PATIENTSAFETY_COREINDICATORRESPONSE,
JAM,2023,PATIENTSAFETY_COREINDICATORRESPONSE,
FRA,2023,PATIENTSAFETY_COREINDICATORRESPONSE,
HTI,2023,PATIENTSAFETY_COREINDICATORRESPONSE,
CYP,2023,PATIENTSAFETY_COREINDICATORRESPONSE,
SAU,2023,PATIENTSAFETY_COREINDICATORRESPONSE,
DOM,2023,PATIENTSAFETY_COREINDICATORRESPONSE,
USA,2023,PATIENTSAFETY_COREINDICATORRESPONSE,
TTO,2023,PATIENTSAFETY_COREINDICATORRESPONSE,
NGA,2023,PATIENTSAFETY_COREINDICATORRESPONSE,
CPV,2023,PATIENTSAFETY_COREINDICATORRESPONSE,
KHM,2023,PATIENTSAFETY_COREINDICATORRESPONSE,
CYP,2023,PATIENTSAFETY_COREINDICATORRESPONSE,
KEN,2023,PATIENTSAFETY_COREINDICATORRESPONSE,
AUT,2023,PATIENTSAFETY_COREINDICATORRESPONSE,
QAT,2023,PATIENTSAFETY_COREINDICATORRESPONSE,
ECU,2023,PATIENTSAFETY_COREINDICATORRESPONSE,
USA,2023,PATIENTSAFETY_COREINDICATORRESPONSE,
BEL,2023,PATIENTSAFETY_COREINDICATORRESPONSE,
QAT,2023,PATIENTSAFETY_COREINDICATORRESPONSE,
QAT,2023,PATIENTSAFETY_COREINDICATORRESPONSE,
MOZ,2023,PATIENTSAFETY_COREINDICATORRESPONSE,
ECU,2023,PATIENTSAFETY_COREINDICATORRESPONSE,
GRC,2023,PATIENTSAFETY_COREINDICATORRESPONSE,
FRA,2023,PATIENTSAFETY_COREINDICATORRESPONSE,
QAT,2023,PATIENTSAFETY_COREINDICATORRESPONSE,
PRY,2023,PATIENTSAFETY_COREINDICATORRESPONSE,
PAN,2023,PATIENTSAFETY_COREINDICATORRESPONSE,
MWI,2023,PATIENTSAFETY_COREINDICATORRESPONSE,
GIN,2023,PATIENTSAFETY_COREINDICATORRESPONSE,
ESP,2023,PATIENTSAFETY_COREINDICATORRESPONSE,
ARE,2023,PATIENTSAFETY_COREINDICATORRESPONSE,
SGP,2023,PATIENTSAFETY_COREINDICATORRESPONSE,
GIN,2023,PATIENTSAFETY_COREINDICATORRESPONSE,
CPV,2023,PATIENTSAFETY_COREINDICATORRESPONSE,
CHE,2023,PATIENTSAFETY_COREINDICATORRESPONSE,
MDV,2023,PATIENTSAFETY_COREINDICATORRESPONSE,
IDN,2023,PATIENTSAFETY_COREINDICATORRESPONSE,
BFA,2023,PATIENTSAFETY_COREINDICATORRESPONSE,
ESP,2023,PATIENTSAFETY_COREINDICATORRESPONSE,
PAK,2023,PATIENTSAFETY_COREINDICATORRESPONSE,
CUB,2023,PATIENTSAFETY_COREINDICATORRESPONSE,
JAM,2023,PATIENTSAFETY_COREINDICATORRESPONSE,
KAZ,2023,PATIENTSAFETY_COREINDICATORRESPONSE,
NAM,2023,PATIENTSAFETY_COREINDICATORRESPONSE,
GBR,2023,PATIENTSAFETY_COREINDICATORRESPONSE,
PHL,2023,PATIENTSAFETY_COREINDICATORRESPONSE,
SYC,2023,PATIENTSAFETY_COREINDICATORRESPONSE,
EST,2023,PATIENTSAFETY_COREINDICATORRESPONSE,
KEN,2023,PATIENTSAFETY_COREINDICATORRESPONSE,
SLV,2023,PATIENTSAFETY_COREINDICATORRESPONSE,
TTO,2023,PATIENTSAFETY_COREINDICATORRESPONSE,
BOL,2023,PATIENTSAFETY_COREINDICATORRESPONSE,
NLD,2023,PATIENTSAFETY_COREINDICATORRESPONSE,
IRQ,2023,PATIENTSAFETY_COREINDICATORRESPONSE,
GIN,2023,PATIENTSAFETY_COREINDICATORRESPONSE,
BFA,2023,PATIENTSAFETY_COREINDICATORRESPONSE,
LBR,2023,PATIENTSAFETY_COREINDICATORRESPONSE,
SWE,2023,PATIENTSAFETY_COREINDICATORRESPONSE,
PER,2023,PATIENTSAFETY_COREINDICATORRESPONSE,
VNM,2023,PATIENTSAFETY_COREINDICATORRESPONSE,
GRC,2023,PATIENTSAFETY_COREINDICATORRESPONSE,
AUS,2023,PATIENTSAFETY_COREINDICATORRESPONSE,
BEN,2023,PATIENTSAFETY_COREINDICATORRESPONSE,
AFG,2023,PATIENTSAFETY_COREINDICATORRESPONSE,
POL,2023,PATIENTSAFETY_COREINDICATORRESPONSE,
PAN,2023,PATIENTSAFETY_COREINDICATORRESPONSE,
FIN,2023,PATIENTSAFETY_COREINDICATORRESPONSE,
BTN,2023,PATIENTSAFETY_COREINDICATORRESPONSE,
BFA,2023,PATIENTSAFETY_COREINDICATORRESPONSE,
AUS,2023,PATIENTSAFETY_COREINDICATORRESPONSE,
KOR,2023,PATIENTSAFETY_COREINDICATORRESPONSE,
LUX,2023,PATIENTSAFETY_COREINDICATORRESPONSE,
HTI,2023,PATIENTSAFETY_COREINDICATORRESPONSE,
GUY,2023,PATIENTSAFETY_COREINDICATORRESPONSE,
AZE,2023,PATIENTSAFETY_COREINDICATORRESPONSE,
MMR,2023,PATIENTSAFETY_COREINDICATORRESPONSE,
TLS,2023,PATIENTSAFETY_COREINDICATORRESPONSE,
GHA,2023,PATIENTSAFETY_COREINDICATORRESPONSE,
LBN,2023,PATIENTSAFETY_COREINDICATORRESPONSE,
POL,2023,PATIENTSAFETY_COREINDICATORRESPONSE,
BFA,2023,PATIENTSAFETY_COREINDICATORRESPONSE,
DEU,2023,PATIENTSAFETY_COREINDICATORRESPONSE,
SDN,2023,PATIENTSAFETY_COREINDICATORRESPONSE,
SWE,2023,PATIENTSAFETY_COREINDICATORRESPONSE,
AUS,2023,PATIENTSAFETY_COREINDICATORRESPONSE,
OMN,2023,PATIENTSAFETY_COREINDICATORRESPONSE,
AUS,2023,PATIENTSAFETY_COREINDICATORRESPONSE,
TLS,2023,PATIENTSAFETY_COREINDICATORRESPONSE,
IDN,2023,PATIENTSAFETY_COREINDICATORRESPONSE,
LKA,2023,PATIENTSAFETY_COREINDICATORRESPONSE,
OMN,2023,PATIENTSAFETY_COREINDICATORRESPONSE,
LBR,2023,PATIENTSAFETY_COREINDICATORRESPONSE,
DNK,2023,PATIENTSAFETY_COREINDICATORRESPONSE,
ROU,2023,PATIENTSAFETY_COREINDICATORRESPONSE,
BRN,2023,PATIENTSAFETY_COREINDICATORRESPONSE,
PHL,2023,PATIENTSAFETY_COREINDICATORRESPONSE,
IRL,2023,PATIENTSAFETY_COREINDICATORRESPONSE,
DOM,2023,PATIENTSAFETY_COREINDICATORRESPONSE,
LBN,2023,PATIENTSAFETY_COREINDICATORRESPONSE,
IRN,2023,PATIENTSAFETY_COREINDICATORRESPONSE,
BRA,2023,PATIENTSAFETY_COREINDICATORRESPONSE,
SDN,2023,PATIENTSAFETY_COREINDICATORRESPONSE,
CHE,2023,PATIENTSAFETY_COREINDICATORRESPONSE,
LVA,2023,PATIENTSAFETY_COREINDICATORRESPONSE,
ZAF,2023,PATIENTSAFETY_COREINDICATORRESPONSE,
PHL,2023,PATIENTSAFETY_COREINDICATORRESPONSE,
ETH,2023,PATIENTSAFETY_COREINDICATORRESPONSE,
POL,2023,PATIENTSAFETY_COREINDICATORRESPONSE,
CHL,2023,PATIENTSAFETY_COREINDICATORRESPONSE,
SAU,2023,PATIENTSAFETY_COREINDICATORRESPONSE,
NPL,2023,PATIENTSAFETY_COREINDICATORRESPONSE,
BRN,2023,PATIENTSAFETY_COREINDICATORRESPONSE,
UGA,2023,PATIENTSAFETY_COREINDICATORRESPONSE,
CMR,2023,PATIENTSAFETY_COREINDICATORRESPONSE,
BLZ,2023,PATIENTSAFETY_COREINDICATORRESPONSE,
ROU,2023,PATIENTSAFETY_COREINDICATORRESPONSE,
JPN,2023,PATIENTSAFETY_COREINDICATORRESPONSE,
MOZ,2023,PATIENTSAFETY_COREINDICATORRESPONSE,
CIV,2023,PATIENTSAFETY_COREINDICATORRESPONSE,
MNG,2023,PATIENTSAFETY_COREINDICATORRESPONSE,
AZE,2023,PATIENTSAFETY_COREINDICATORRESPONSE,
BGD,2023,PATIENTSAFETY_COREINDICATORRESPONSE,
FIN,2023,PATIENTSAFETY_COREINDICATORRESPONSE,
MNG,2023,PATIENTSAFETY_COREINDICATORRESPONSE,
PER,2023,PATIENTSAFETY_COREINDICATORRESPONSE,
ECU,2023,PATIENTSAFETY_COREINDICATORRESPONSE,
ZAF,2023,PATIENTSAFETY_COREINDICATORRESPONSE,
TUR,2023,PATIENTSAFETY_COREINDICATORRESPONSE,
KEN,2023,PATIENTSAFETY_COREINDICATORRESPONSE,
MNG,2023,PATIENTSAFETY_COREINDICATORRESPONSE,
MLT,2023,PATIENTSAFETY_COREINDICATORRESPONSE,
BWA,2023,PATIENTSAFETY_COREINDICATORRESPONSE,
PAN,2023,PATIENTSAFETY_COREINDICATORRESPONSE,
KOR,2023,PATIENTSAFETY_COREINDICATORRESPONSE,
MLT,2023,PATIENTSAFETY_COREINDICATORRESPONSE,
VNM,2023,PATIENTSAFETY_COREINDICATORRESPONSE,
IDN,2023,PATIENTSAFETY_COREINDICATORRESPONSE,
SWE,2023,PATIENTSAFETY_COREINDICATORRESPONSE,
SSD,2023,PATIENTSAFETY_COREINDICATORRESPONSE,
TUR,2023,PATIENTSAFETY_COREINDICATORRESPONSE,
CYP,2023,PATIENTSAFETY_COREINDICATORRESPONSE,
FIN,2023,PATIENTSAFETY_COREINDICATORRESPONSE,
IND,2023,PATIENTSAFETY_COREINDICATORRESPONSE,
TUR,2023,PATIENTSAFETY_COREINDICATORRESPONSE,
CRI,2023,PATIENTSAFETY_COREINDICATORRESPONSE,
MNG,2023,PATIENTSAFETY_COREINDICATORRESPONSE,
DEU,2023,PATIENTSAFETY_COREINDICATORRESPONSE,
LKA,2023,PATIENTSAFETY_COREINDICATORRESPONSE,
IRN,2023,PATIENTSAFETY_COREINDICATORRESPONSE,
SSD,2023,PATIENTSAFETY_COREINDICATORRESPONSE,
SDN,2023,PATIENTSAFETY_COREINDICATORRESPONSE,
ARG,2023,PATIENTSAFETY_COREINDICATORRESPONSE,
GNB,2023,PATIENTSAFETY_COREINDICATORRESPONSE,
CYP,2023,PATIENTSAFETY_COREINDICATORRESPONSE,
ROU,2023,PATIENTSAFETY_COREINDICATORRESPONSE,
SWE,2023,PATIENTSAFETY_COREINDICATORRESPONSE,
DEU,2023,PATIENTSAFETY_COREINDICATORRESPONSE,
MLT,2023,PATIENTSAFETY_COREINDICATORRESPONSE,
PRY,2023,PATIENTSAFETY_COREINDICATORRESPONSE,
TLS,2023,PATIENTSAFETY_COREINDICATORRESPONSE,
ETH,2023,PATIENTSAFETY_COREINDICATORRESPONSE,
SAU,2023,PATIENTSAFETY_COREINDICATORRESPONSE,
SLV,2023,PATIENTSAFETY_COREINDICATORRESPONSE,
MKD,2023,PATIENTSAFETY_COREINDICATORRESPONSE,
SVK,2023,PATIENTSAFETY_COREINDICATORRESPONSE,
LKA,2023,PATIENTSAFETY_COREINDICATORRESPONSE,
ARM,2023,PATIENTSAFETY_COREINDICATORRESPONSE,
NGA,2023,PATIENTSAFETY_COREINDICATORRESPONSE,
OMN,2023,PATIENTSAFETY_COREINDICATORRESPONSE,
DEU,2023,PATIENTSAFETY_COREINDICATORRESPONSE,
MMR,2023,PATIENTSAFETY_COREINDICATORRESPONSE,
USA,2023,PATIENTSAFETY_COREINDICATORRESPONSE,
TLS,2023,PATIENTSAFETY_COREINDICATORRESPONSE,
CIV,2023,PATIENTSAFETY_COREINDICATORRESPONSE,
CMR,2023,PATIENTSAFETY_COREINDICATORRESPONSE,
GHA,2023,PATIENTSAFETY_COREINDICATORRESPONSE,
SLV,2023,PATIENTSAFETY_COREINDICATORRESPONSE,
GUY,2023,PATIENTSAFETY_COREINDICATORRESPONSE,
VNM,2023,PATIENTSAFETY_COREINDICATORRESPONSE,
TUR,2023,PATIENTSAFETY_COREINDICATORRESPONSE,
GNB,2023,PATIENTSAFETY_COREINDICATORRESPONSE,
CYP,2023,PATIENTSAFETY_COREINDICATORRESPONSE,
CUB,2023,PATIENTSAFETY_COREINDICATORRESPONSE,
IRQ,2023,PATIENTSAFETY_COREINDICATORRESPONSE,
NPL,2023,PATIENTSAFETY_COREINDICATORRESPONSE,
DEU,2023,PATIENTSAFETY_COREINDICATORRESPONSE,
KAZ,2023,PATIENTSAFETY_COREINDICATORRESPONSE,
KAZ,2023,PATIENTSAFETY_COREINDICATORRESPONSE,
IRN,2023,PATIENTSAFETY_COREINDICATORRESPONSE,
NZL,2023,PATIENTSAFETY_COREINDICATORRESPONSE,
TTO,2023,PATIENTSAFETY_COREINDICATORRESPONSE,
CUB,2023,PATIENTSAFETY_COREINDICATORRESPONSE,
SYC,2023,PATIENTSAFETY_COREINDICATORRESPONSE,
CPV,2023,PATIENTSAFETY_COREINDICATORRESPONSE,
TLS,2023,PATIENTSAFETY_COREINDICATORRESPONSE,
URY,2023,PATIENTSAFETY_COREINDICATORRESPONSE,
UGA,2023,PATIENTSAFETY_COREINDICATORRESPONSE,
KHM,2023,PATIENTSAFETY_COREINDICATORRESPONSE,
AFG,2023,PATIENTSAFETY_COREINDICATORRESPONSE,
ISL,2023,PATIENTSAFETY_COREINDICATORRESPONSE,
ETH,2023,PATIENTSAFETY_COREINDICATORRESPONSE,
BGD,2023,PATIENTSAFETY_COREINDICATORRESPONSE,
HTI,2023,PATIENTSAFETY_COREINDICATORRESPONSE,
PER,2023,PATIENTSAFETY_COREINDICATORRESPONSE,
LBR,2023,PATIENTSAFETY_COREINDICATORRESPONSE,
SWE,2023,PATIENTSAFETY_COREINDICATORRESPONSE,
COL,2023,PATIENTSAFETY_COREINDICATORRESPONSE,
MLT,2023,PATIENTSAFETY_COREINDICATORRESPONSE,
NLD,2023,PATIENTSAFETY_COREINDICATORRESPONSE,
PRY,2023,PATIENTSAFETY_COREINDICATORRESPONSE,
BTN,2023,PATIENTSAFETY_COREINDICATORRESPONSE,
MNG,2023,PATIENTSAFETY_COREINDICATORRESPONSE,
ROU,2023,PATIENTSAFETY_COREINDICATORRESPONSE,
ZAF,2023,PATIENTSAFETY_COREINDICATORRESPONSE,
BEL,2023,PATIENTSAFETY_COREINDICATORRESPONSE,
CYP,2023,PATIENTSAFETY_COREINDICATORRESPONSE,
FIN,2023,PATIENTSAFETY_COREINDICATORRESPONSE,
IND,2023,PATIENTSAFETY_COREINDICATORRESPONSE,
IDN,2023,PATIENTSAFETY_COREINDICATORRESPONSE,
OMN,2023,PATIENTSAFETY_COREINDICATORRESPONSE,
SVK,2023,PATIENTSAFETY_COREINDICATORRESPONSE,
CHN,2023,PATIENTSAFETY_COREINDICATORRESPONSE,
AZE,2023,PATIENTSAFETY_COREINDICATORRESPONSE,
AUS,2023,PATIENTSAFETY_COREINDICATORRESPONSE,
NOR,2023,PATIENTSAFETY_COREINDICATORRESPONSE,
SSD,2023,PATIENTSAFETY_COREINDICATORRESPONSE,
IRN,2023,PATIENTSAFETY_COREINDICATORRESPONSE,
ECU,2023,PATIENTSAFETY_COREINDICATORRESPONSE,
NAM,2023,PATIENTSAFETY_COREINDICATORRESPONSE,
BOL,2023,PATIENTSAFETY_COREINDICATORRESPONSE,
POL,2023,PATIENTSAFETY_COREINDICATORRESPONSE,
SGP,2023,PATIENTSAFETY_COREINDICATORRESPONSE,
NGA,2023,PATIENTSAFETY_COREINDICATORRESPONSE,
TTO,2023,PATIENTSAFETY_COREINDICATORRESPONSE,
BGR,2023,PATIENTSAFETY_COREINDICATORRESPONSE,
HTI,2023,PATIENTSAFETY_COREINDICATORRESPONSE,
PRK,2023,PATIENTSAFETY_COREINDICATORRESPONSE,
NOR,2023,PATIENTSAFETY_COREINDICATORRESPONSE,
GNB,2023,PATIENTSAFETY_COREINDICATORRESPONSE,
GRC,2023,PATIENTSAFETY_COREINDICATORRESPONSE,
AUT,2023,PATIENTSAFETY_COREINDICATORRESPONSE,
NGA,2023,PATIENTSAFETY_COREINDICATORRESPONSE,
ARG,2023,PATIENTSAFETY_COREINDICATORRESPONSE,
MMR,2023,PATIENTSAFETY_COREINDICATORRESPONSE,
ARM,2023,PATIENTSAFETY_COREINDICATORRESPONSE,
BRN,2023,PATIENTSAFETY_COREINDICATORRESPONSE,
ETH,2023,PATIENTSAFETY_COREINDICATORRESPONSE,
SWE,2023,PATIENTSAFETY_COREINDICATORRESPONSE,
GHA,2023,PATIENTSAFETY_COREINDICATORRESPONSE,
BTN,2023,PATIENTSAFETY_COREINDICATORRESPONSE,
SVK,2023,PATIENTSAFETY_COREINDICATORRESPONSE,
BLZ,2023,PATIENTSAFETY_COREINDICATORRESPONSE,
SSD,2023,PATIENTSAFETY_COREINDICATORRESPONSE,
IND,2023,PATIENTSAFETY_COREINDICATORRESPONSE,
EST,2023,PATIENTSAFETY_COREINDICATORRESPONSE,
NAM,2023,PATIENTSAFETY_COREINDICATORRESPONSE,
JPN,2023,PATIENTSAFETY_COREINDICATORRESPONSE,
LUX,2023,PATIENTSAFETY_COREINDICATORRESPONSE,
COL,2023,PATIENTSAFETY_COREINDICATORRESPONSE,
JAM,2023,PATIENTSAFETY_COREINDICATORRESPONSE,
JPN,2023,PATIENTSAFETY_COREINDICATORRESPONSE,
JPN,2023,PATIENTSAFETY_COREINDICATORRESPONSE,
PAN,2023,PATIENTSAFETY_COREINDICATORRESPONSE,
ECU,2023,PATIENTSAFETY_COREINDICATORRESPONSE,
LBN,2023,PATIENTSAFETY_COREINDICATORRESPONSE,
DEU,2023,PATIENTSAFETY_COREINDICATORRESPONSE,
COL,2023,PATIENTSAFETY_COREINDICATORRESPONSE,
THA,2023,PATIENTSAFETY_COREINDICATORRESPONSE,
PRK,2023,PATIENTSAFETY_COREINDICATORRESPONSE,
NER,2023,PATIENTSAFETY_COREINDICATORRESPONSE,
PRK,2023,PATIENTSAFETY_COREINDICATORRESPONSE,
ARE,2023,PATIENTSAFETY_COREINDICATORRESPONSE,
CAN,2023,PATIENTSAFETY_COREINDICATORRESPONSE,
LKA,2023,PATIENTSAFETY_COREINDICATORRESPONSE,
USA,2023,PATIENTSAFETY_COREINDICATORRESPONSE,
BLZ,2023,PATIENTSAFETY_COREINDICATORRESPONSE,
IRL,2023,PATIENTSAFETY_COREINDICATORRESPONSE,
BGR,2023,PATIENTSAFETY_COREINDICATORRESPONSE,
MLT,2023,PATIENTSAFETY_COREINDICATORRESPONSE,
AFG,2023,PATIENTSAFETY_COREINDICATORRESPONSE,
THA,2023,PATIENTSAFETY_COREINDICATORRESPONSE,
ARM,2023,PATIENTSAFETY_COREINDICATORRESPONSE,
BLZ,2023,PATIENTSAFETY_COREINDICATORRESPONSE,
BLZ,2023,PATIENTSAFETY_COREINDICATORRESPONSE,
VNM,2023,PATIENTSAFETY_COREINDICATORRESPONSE,
HTI,2023,PATIENTSAFETY_COREINDICATORRESPONSE,
LBN,2023,PATIENTSAFETY_COREINDICATORRESPONSE,
SLV,2023,PATIENTSAFETY_COREINDICATORRESPONSE,
BLZ,2023,PATIENTSAFETY_COREINDICATORRESPONSE,
AUS,2023,PATIENTSAFETY_COREINDICATORRESPONSE,
GBR,2023,PATIENTSAFETY_COREINDICATORRESPONSE,
MYS,2023,PATIENTSAFETY_COREINDICATORRESPONSE,
BTN,2023,PATIENTSAFETY_COREINDICATORRESPONSE,
USA,2023,PATIENTSAFETY_COREINDICATORRESPONSE,
ISL,2023,PATIENTSAFETY_COREINDICATORRESPONSE,
QAT,2023,PATIENTSAFETY_COREINDICATORRESPONSE,
OMN,2023,PATIENTSAFETY_COREINDICATORRESPONSE,
TTO,2023,PATIENTSAFETY_COREINDICATORRESPONSE,
PAN,2023,PATIENTSAFETY_COREINDICATORRESPONSE,
LBR,2023,PATIENTSAFETY_COREINDICATORRESPONSE,
MYS,2023,PATIENTSAFETY_COREINDICATORRESPONSE,
MLT,2023,PATIENTSAFETY_COREINDICATORRESPONSE,
GNB,2023,PATIENTSAFETY_COREINDICATORRESPONSE,
NPL,2023,PATIENTSAFETY_COREINDICATORRESPONSE,
ECU,2023,PATIENTSAFETY_COREINDICATORRESPONSE,
SGP,2023,PATIENTSAFETY_COREINDICATORRESPONSE,
MKD,2023,PATIENTSAFETY_COREINDICATORRESPONSE,
BGD,2023,PATIENTSAFETY_COREINDICATORRESPONSE,
ISR,2023,PATIENTSAFETY_COREINDICATORRESPONSE,
BEN,2023,PATIENTSAFETY_COREINDICATORRESPONSE,
PHL,2023,PATIENTSAFETY_COREINDICATORRESPONSE,
TTO,2023,PATIENTSAFETY_COREINDICATORRESPONSE,
NER,2023,PATIENTSAFETY_COREINDICATORRESPONSE,
BGD,2023,PATIENTSAFETY_COREINDICATORRESPONSE,
EST,2023,PATIENTSAFETY_COREINDICATORRESPONSE,
ETH,2023,PATIENTSAFETY_COREINDICATORRESPONSE,
BRA,2023,PATIENTSAFETY_COREINDICATORRESPONSE,
ISL,2023,PATIENTSAFETY_COREINDICATORRESPONSE,
CHL,2023,PATIENTSAFETY_COREINDICATORRESPONSE,
PAK,2023,PATIENTSAFETY_COREINDICATORRESPONSE,
LUX,2023,PATIENTSAFETY_COREINDICATORRESPONSE,
ISL,2023,PATIENTSAFETY_COREINDICATORRESPONSE,
SLV,2023,PATIENTSAFETY_COREINDICATORRESPONSE,
NOR,2023,PATIENTSAFETY_COREINDICATORRESPONSE,
AZE,2023,PATIENTSAFETY_COREINDICATORRESPONSE,
GBR,2023,PATIENTSAFETY_COREINDICATORRESPONSE,
AUT,2023,PATIENTSAFETY_COREINDICATORRESPONSE,
BLZ,2023,PATIENTSAFETY_COREINDICATORRESPONSE,
CHN,2023,PATIENTSAFETY_COREINDICATORRESPONSE,
COL,2023,PATIENTSAFETY_COREINDICATORRESPONSE,
HTI,2023,PATIENTSAFETY_COREINDICATORRESPONSE,
MOZ,2023,PATIENTSAFETY_COREINDICATORRESPONSE,
EST,2023,PATIENTSAFETY_COREINDICATORRESPONSE,
PHL,2023,PATIENTSAFETY_COREINDICATORRESPONSE,
MDV,2023,PATIENTSAFETY_COREINDICATORRESPONSE,
LBR,2023,PATIENTSAFETY_COREINDICATORRESPONSE,
AFG,2023,PATIENTSAFETY_COREINDICATORRESPONSE,
PHL,2023,PATIENTSAFETY_COREINDICATORRESPONSE,
COL,2023,PATIENTSAFETY_COREINDICATORRESPONSE,
LBN,2023,PATIENTSAFETY_COREINDICATORRESPONSE,
IND,2023,PATIENTSAFETY_COREINDICATORRESPONSE,
PRT,2023,PATIENTSAFETY_COREINDICATORRESPONSE,
GIN,2023,PATIENTSAFETY_COREINDICATORRESPONSE,
CIV,2023,PATIENTSAFETY_COREINDICATORRESPONSE,
KOR,2023,PATIENTSAFETY_COREINDICATORRESPONSE,
ARE,2023,PATIENTSAFETY_COREINDICATORRESPONSE,
PRK,2023,PATIENTSAFETY_COREINDICATORRESPONSE,
HTI,2023,PATIENTSAFETY_COREINDICATORRESPONSE,
PRY,2023,PATIENTSAFETY_COREINDICATORRESPONSE,
PAN,2023,PATIENTSAFETY_COREINDICATORRESPONSE,
URY,2023,PATIENTSAFETY_COREINDICATORRESPONSE,
ETH,2023,PATIENTSAFETY_COREINDICATORRESPONSE,
LUX,2023,PATIENTSAFETY_COREINDICATORRESPONSE,
PAN,2023,PATIENTSAFETY_COREINDICATORRESPONSE,
NOR,2023,PATIENTSAFETY_COREINDICATORRESPONSE,
URY,2023,PATIENTSAFETY_COREINDICATORRESPONSE,
NAM,2023,PATIENTSAFETY_COREINDICATORRESPONSE,
KOR,2023,PATIENTSAFETY_COREINDICATORRESPONSE,
BEN,2023,PATIENTSAFETY_COREINDICATORRESPONSE,
MMR,2023,PATIENTSAFETY_COREINDICATORRESPONSE,
SSD,2023,PATIENTSAFETY_COREINDICATORRESPONSE,
GBR,2023,PATIENTSAFETY_COREINDICATORRESPONSE,
JPN,2023,PATIENTSAFETY_COREINDICATORRESPONSE,
DEU,2023,PATIENTSAFETY_COREINDICATORRESPONSE,
JAM,2023,PATIENTSAFETY_COREINDICATORRESPONSE,
THA,2023,PATIENTSAFETY_COREINDICATORRESPONSE,
CAN,2023,PATIENTSAFETY_COREINDICATORRESPONSE,
GHA,2023,PATIENTSAFETY_COREINDICATORRESPONSE,
PRK,2023,PATIENTSAFETY_COREINDICATORRESPONSE,
DOM,2023,PATIENTSAFETY_COREINDICATORRESPONSE,
NER,2023,PATIENTSAFETY_COREINDICATORRESPONSE,
BGD,2023,PATIENTSAFETY_COREINDICATORRESPONSE,
MWI,2023,PATIENTSAFETY_COREINDICATORRESPONSE,
UGA,2023,PATIENTSAFETY_COREINDICATORRESPONSE,
IDN,2023,PATIENTSAFETY_COREINDICATORRESPONSE,
PER,2023,PATIENTSAFETY_COREINDICATORRESPONSE,
MDV,2023,PATIENTSAFETY_COREINDICATORRESPONSE,
MDV,2023,PATIENTSAFETY_COREINDICATORRESPONSE,
NER,2023,PATIENTSAFETY_COREINDICATORRESPONSE,
NPL,2023,PATIENTSAFETY_COREINDICATORRESPONSE,
BGR,2023,PATIENTSAFETY_COREINDICATORRESPONSE,
AUT,2023,PATIENTSAFETY_COREINDICATORRESPONSE,
DEU,2023,PATIENTSAFETY_COREINDICATORRESPONSE,
SVK,2023,PATIENTSAFETY_COREINDICATORRESPONSE,
FRA,2023,PATIENTSAFETY_COREINDICATORRESPONSE,
NZL,2023,PATIENTSAFETY_COREINDICATORRESPONSE,
IRN,2023,PATIENTSAFETY_COREINDICATORRESPONSE,
BGD,2023,PATIENTSAFETY_COREINDICATORRESPONSE,
TUR,2023,PATIENTSAFETY_COREINDICATORRESPONSE,
NER,2023,PATIENTSAFETY_COREINDICATORRESPONSE,
BEN,2023,PATIENTSAFETY_COREINDICATORRESPONSE,
CPV,2023,PATIENTSAFETY_COREINDICATORRESPONSE,
ETH,2023,PATIENTSAFETY_COREINDICATORRESPONSE,
CYP,2023,PATIENTSAFETY_COREINDICATORRESPONSE,
TUR,2023,PATIENTSAFETY_COREINDICATORRESPONSE,
JPN,2023,PATIENTSAFETY_COREINDICATORRESPONSE,
BWA,2023,PATIENTSAFETY_COREINDICATORRESPONSE,
DNK,2023,PATIENTSAFETY_COREINDICATORRESPONSE,
PRK,2023,PATIENTSAFETY_COREINDICATORRESPONSE,
SSD,2023,PATIENTSAFETY_COREINDICATORRESPONSE,
BEN,2023,PATIENTSAFETY_COREINDICATORRESPONSE,
DOM,2023,PATIENTSAFETY_COREINDICATORRESPONSE,
MWI,2023,PATIENTSAFETY_COREINDICATORRESPONSE,
ZAF,2023,PATIENTSAFETY_COREINDICATORRESPONSE,
URY,2023,PATIENTSAFETY_COREINDICATORRESPONSE,
GBR,2023,PATIENTSAFETY_COREINDICATORRESPONSE,
GBR,2023,PATIENTSAFETY_COREINDICATORRESPONSE,
ZAF,2023,PATIENTSAFETY_COREINDICATORRESPONSE,
BOL,2023,PATIENTSAFETY_COREINDICATORRESPONSE,
IDN,2023,PATIENTSAFETY_COREINDICATORRESPONSE,
LVA,2023,PATIENTSAFETY_COREINDICATORRESPONSE,
CPV,2023,PATIENTSAFETY_COREINDICATORRESPONSE,
CYP,2023,PATIENTSAFETY_COREINDICATORRESPONSE,
CHE,2023,PATIENTSAFETY_COREINDICATORRESPONSE,
FRA,2023,PATIENTSAFETY_COREINDICATORRESPONSE,
KHM,2023,PATIENTSAFETY_COREINDICATORRESPONSE,
CAN,2023,PATIENTSAFETY_COREINDICATORRESPONSE,
BWA,2023,PATIENTSAFETY_COREINDICATORRESPONSE,
BRA,2023,PATIENTSAFETY_COREINDICATORRESPONSE,
ZAF,2023,PATIENTSAFETY_COREINDICATORRESPONSE,
AUS,2023,PATIENTSAFETY_COREINDICATORRESPONSE,
IND,2023,PATIENTSAFETY_COREINDICATORRESPONSE,
GNB,2023,PATIENTSAFETY_COREINDICATORRESPONSE,
BGR,2023,PATIENTSAFETY_COREINDICATORRESPONSE,
NGA,2023,PATIENTSAFETY_COREINDICATORRESPONSE,
SAU,2023,PATIENTSAFETY_COREINDICATORRESPONSE,
CMR,2023,PATIENTSAFETY_COREINDICATORRESPONSE,
IRQ,2023,PATIENTSAFETY_COREINDICATORRESPONSE,
NLD,2023,PATIENTSAFETY_COREINDICATORRESPONSE,
CYP,2023,PATIENTSAFETY_COREINDICATORRESPONSE,
BRN,2023,PATIENTSAFETY_COREINDICATORRESPONSE,
GUY,2023,PATIENTSAFETY_COREINDICATORRESPONSE,
CPV,2023,PATIENTSAFETY_COREINDICATORRESPONSE,
ISL,2023,PATIENTSAFETY_COREINDICATORRESPONSE,
ARE,2023,PATIENTSAFETY_COREINDICATORRESPONSE,
MYS,2023,PATIENTSAFETY_COREINDICATORRESPONSE,
LVA,2023,PATIENTSAFETY_COREINDICATORRESPONSE,
ARM,2023,PATIENTSAFETY_COREINDICATORRESPONSE,
CHL,2023,PATIENTSAFETY_COREINDICATORRESPONSE,
KHM,2023,PATIENTSAFETY_COREINDICATORRESPONSE,
DOM,2023,PATIENTSAFETY_COREINDICATORRESPONSE,
PAK,2023,PATIENTSAFETY_COREINDICATORRESPONSE,
NAM,2023,PATIENTSAFETY_COREINDICATORRESPONSE,
KEN,2023,PATIENTSAFETY_COREINDICATORRESPONSE,
DNK,2023,PATIENTSAFETY_COREINDICATORRESPONSE,
ROU,2023,PATIENTSAFETY_COREINDICATORRESPONSE,
LVA,2023,PATIENTSAFETY_COREINDICATORRESPONSE,
GUY,2023,PATIENTSAFETY_COREINDICATORRESPONSE,
THA,2023,PATIENTSAFETY_COREINDICATORRESPONSE,
ARM,2023,PATIENTSAFETY_COREINDICATORRESPONSE,
SDN,2023,PATIENTSAFETY_COREINDICATORRESPONSE,
NZL,2023,PATIENTSAFETY_COREINDICATORRESPONSE,
PRY,2023,PATIENTSAFETY_COREINDICATORRESPONSE,
KAZ,2023,PATIENTSAFETY_COREINDICATORRESPONSE,
BEN,2023,PATIENTSAFETY_COREINDICATORRESPONSE,
NAM,2023,PATIENTSAFETY_COREINDICATORRESPONSE,
PRY,2023,PATIENTSAFETY_COREINDICATORRESPONSE,
SVK,2023,PATIENTSAFETY_COREINDICATORRESPONSE,
CMR,2023,PATIENTSAFETY_COREINDICATORRESPONSE,
BWA,2023,PATIENTSAFETY_COREINDICATORRESPONSE,
LUX,2023,PATIENTSAFETY_COREINDICATORRESPONSE,
NOR,2023,PATIENTSAFETY_COREINDICATORRESPONSE,
AZE,2023,PATIENTSAFETY_COREINDICATORRESPONSE,
GBR,2023,PATIENTSAFETY_COREINDICATORRESPONSE,
NAM,2023,PATIENTSAFETY_COREINDICATORRESPONSE,
IND,2023,PATIENTSAFETY_COREINDICATORRESPONSE,
GEO,2023,PATIENTSAFETY_COREINDICATORRESPONSE,
ESP,2023,PATIENTSAFETY_COREINDICATORRESPONSE,
LVA,2023,PATIENTSAFETY_COREINDICATORRESPONSE,
FRA,2023,PATIENTSAFETY_COREINDICATORRESPONSE,
LBR,2023,PATIENTSAFETY_COREINDICATORRESPONSE,
GNB,2023,PATIENTSAFETY_COREINDICATORRESPONSE,
EST,2023,PATIENTSAFETY_COREINDICATORRESPONSE,
BFA,2023,PATIENTSAFETY_COREINDICATORRESPONSE,
IND,2023,PATIENTSAFETY_COREINDICATORRESPONSE,
EST,2023,PATIENTSAFETY_COREINDICATORRESPONSE,
PER,2023,PATIENTSAFETY_COREINDICATORRESPONSE,
BGR,2023,PATIENTSAFETY_COREINDICATORRESPONSE,
BGD,2023,PATIENTSAFETY_COREINDICATORRESPONSE,
GHA,2023,PATIENTSAFETY_COREINDICATORRESPONSE,
LBN,2023,PATIENTSAFETY_COREINDICATORRESPONSE,
QAT,2023,PATIENTSAFETY_COREINDICATORRESPONSE,
BTN,2023,PATIENTSAFETY_COREINDICATORRESPONSE,
PRT,2023,PATIENTSAFETY_COREINDICATORRESPONSE,
DNK,2023,PATIENTSAFETY_COREINDICATORRESPONSE,
CMR,2023,PATIENTSAFETY_COREINDICATORRESPONSE,
AFG,2023,PATIENTSAFETY_COREINDICATORRESPONSE,
NGA,2023,PATIENTSAFETY_COREINDICATORRESPONSE,
ISR,2023,PATIENTSAFETY_COREINDICATORRESPONSE,
MKD,2023,PATIENTSAFETY_COREINDICATORRESPONSE,
LUX,2023,PATIENTSAFETY_COREINDICATORRESPONSE,
SYC,2023,PATIENTSAFETY_COREINDICATORRESPONSE,
GRC,2023,PATIENTSAFETY_COREINDICATORRESPONSE,
ROU,2023,PATIENTSAFETY_COREINDICATORRESPONSE,
CAN,2023,PATIENTSAFETY_COREINDICATORRESPONSE,
MMR,2023,PATIENTSAFETY_COREINDICATORRESPONSE,
KHM,2023,PATIENTSAFETY_COREINDICATORRESPONSE,
PER,2023,PATIENTSAFETY_COREINDICATORRESPONSE,
PRT,2023,PATIENTSAFETY_COREINDICATORRESPONSE,
AUT,2023,PATIENTSAFETY_COREINDICATORRESPONSE,
CUB,2023,PATIENTSAFETY_COREINDICATORRESPONSE,
UGA,2023,PATIENTSAFETY_COREINDICATORRESPONSE,
KOR,2023,PATIENTSAFETY_COREINDICATORRESPONSE,
DNK,2023,PATIENTSAFETY_COREINDICATORRESPONSE,
BFA,2023,PATIENTSAFETY_COREINDICATORRESPONSE,
GUY,2023,PATIENTSAFETY_COREINDICATORRESPONSE,
MYS,2023,PATIENTSAFETY_COREINDICATORRESPONSE,
BWA,2023,PATIENTSAFETY_COREINDICATORRESPONSE,
GEO,2023,PATIENTSAFETY_COREINDICATORRESPONSE,
GIN,2023,PATIENTSAFETY_COREINDICATORRESPONSE,
SGP,2023,PATIENTSAFETY_COREINDICATORRESPONSE,
LBN,2023,PATIENTSAFETY_COREINDICATORRESPONSE,
CZE,2023,PATIENTSAFETY_COREINDICATORRESPONSE,
CHN,2023,PATIENTSAFETY_COREINDICATORRESPONSE,
MYS,2023,PATIENTSAFETY_COREINDICATORRESPONSE,
BOL,2023,PATIENTSAFETY_COREINDICATORRESPONSE,
URY,2023,PATIENTSAFETY_COREINDICATORRESPONSE,
GEO,2023,PATIENTSAFETY_COREINDICATORRESPONSE,
CIV,2023,PATIENTSAFETY_COREINDICATORRESPONSE,
CIV,2023,PATIENTSAFETY_COREINDICATORRESPONSE,
ROU,2023,PATIENTSAFETY_COREINDICATORRESPONSE,
ESP,2023,PATIENTSAFETY_COREINDICATORRESPONSE,
ESP,2023,PATIENTSAFETY_COREINDICATORRESPONSE,
SVK,2023,PATIENTSAFETY_COREINDICATORRESPONSE,
POL,2023,PATIENTSAFETY_COREINDICATORRESPONSE,
CUB,2023,PATIENTSAFETY_COREINDICATORRESPONSE,
ISR,2023,PATIENTSAFETY_COREINDICATORRESPONSE,
SAU,2023,PATIENTSAFETY_COREINDICATORRESPONSE,
IDN,2023,PATIENTSAFETY_COREINDICATORRESPONSE,
COL,2023,PATIENTSAFETY_COREINDICATORRESPONSE,
ETH,2023,PATIENTSAFETY_COREINDICATORRESPONSE,
PRY,2023,PATIENTSAFETY_COREINDICATORRESPONSE,
CHE,2023,PATIENTSAFETY_COREINDICATORRESPONSE,
SDN,2023,PATIENTSAFETY_COREINDICATORRESPONSE,
LBR,2023,PATIENTSAFETY_COREINDICATORRESPONSE,
TLS,2023,PATIENTSAFETY_COREINDICATORRESPONSE,
BEL,2023,PATIENTSAFETY_COREINDICATORRESPONSE,
CHN,2023,PATIENTSAFETY_COREINDICATORRESPONSE,
KEN,2023,PATIENTSAFETY_COREINDICATORRESPONSE,
JAM,2023,PATIENTSAFETY_COREINDICATORRESPONSE,
BRN,2023,PATIENTSAFETY_COREINDICATORRESPONSE,
SVK,2023,PATIENTSAFETY_COREINDICATORRESPONSE,
OMN,2023,PATIENTSAFETY_COREINDICATORRESPONSE,
GUY,2023,PATIENTSAFETY_COREINDICATORRESPONSE,
COL,2023,PATIENTSAFETY_COREINDICATORRESPONSE,
ARG,2023,PATIENTSAFETY_COREINDICATORRESPONSE,
CHN,2023,PATIENTSAFETY_COREINDICATORRESPONSE,
GNB,2023,PATIENTSAFETY_COREINDICATORRESPONSE,
EST,2023,PATIENTSAFETY_COREINDICATORRESPONSE,
VNM,2023,PATIENTSAFETY_COREINDICATORRESPONSE,
TTO,2023,PATIENTSAFETY_COREINDICATORRESPONSE,
NZL,2023,PATIENTSAFETY_COREINDICATORRESPONSE,
SAU,2023,PATIENTSAFETY_COREINDICATORRESPONSE,
BOL,2023,PATIENTSAFETY_COREINDICATORRESPONSE,
AFG,2023,PATIENTSAFETY_COREINDICATORRESPONSE,
PAK,2023,PATIENTSAFETY_COREINDICATORRESPONSE,
DNK,2023,PATIENTSAFETY_COREINDICATORRESPONSE,
IRQ,2023,PATIENTSAFETY_COREINDICATORRESPONSE,
LUX,2023,PATIENTSAFETY_COREINDICATORRESPONSE,
CPV,2023,PATIENTSAFETY_COREINDICATORRESPONSE,
HTI,2023,PATIENTSAFETY_COREINDICATORRESPONSE,
CHE,2023,PATIENTSAFETY_COREINDICATORRESPONSE,
LKA,2023,PATIENTSAFETY_COREINDICATORRESPONSE,
MYS,2023,PATIENTSAFETY_COREINDICATORRESPONSE,
MMR,2023,PATIENTSAFETY_COREINDICATORRESPONSE,
KEN,2023,PATIENTSAFETY_COREINDICATORRESPONSE,
CUB,2023,PATIENTSAFETY_COREINDICATORRESPONSE,
NPL,2023,PATIENTSAFETY_COREINDICATORRESPONSE,
NZL,2023,PATIENTSAFETY_COREINDICATORRESPONSE,
AUT,2023,PATIENTSAFETY_COREINDICATORRESPONSE,
MKD,2023,PATIENTSAFETY_COREINDICATORRESPONSE,
OMN,2023,PATIENTSAFETY_COREINDICATORRESPONSE,
CMR,2023,PATIENTSAFETY_COREINDICATORRESPONSE,
MOZ,2023,PATIENTSAFETY_COREINDICATORRESPONSE,
SAU,2023,PATIENTSAFETY_COREINDICATORRESPONSE,
ISR,2023,PATIENTSAFETY_COREINDICATORRESPONSE,
BWA,2023,PATIENTSAFETY_COREINDICATORRESPONSE,
CMR,2023,PATIENTSAFETY_COREINDICATORRESPONSE,
QAT,2023,PATIENTSAFETY_COREINDICATORRESPONSE,
LUX,2023,PATIENTSAFETY_COREINDICATORRESPONSE,
COL,2023,PATIENTSAFETY_COREINDICATORRESPONSE,
BEL,2023,PATIENTSAFETY_COREINDICATORRESPONSE,
QAT,2023,PATIENTSAFETY_COREINDICATORRESPONSE,
CMR,2023,PATIENTSAFETY_COREINDICATORRESPONSE,
LBN,2023,PATIENTSAFETY_COREINDICATORRESPONSE,
GEO,2023,PATIENTSAFETY_COREINDICATORRESPONSE,
KOR,2023,PATIENTSAFETY_COREINDICATORRESPONSE,
CUB,2023,PATIENTSAFETY_COREINDICATORRESPONSE,
IRN,2023,PATIENTSAFETY_COREINDICATORRESPONSE,
SLV,2023,PATIENTSAFETY_COREINDICATORRESPONSE,
ARG,2023,PATIENTSAFETY_COREINDICATORRESPONSE,
SAU,2023,PATIENTSAFETY_COREINDICATORRESPONSE,
CMR,2023,PATIENTSAFETY_COREINDICATORRESPONSE,
IRQ,2023,PATIENTSAFETY_COREINDICATORRESPONSE,
BOL,2023,PATIENTSAFETY_COREINDICATORRESPONSE,
ISL,2023,PATIENTSAFETY_COREINDICATORRESPONSE,
JAM,2023,PATIENTSAFETY_COREINDICATORRESPONSE,
AZE,2023,PATIENTSAFETY_COREINDICATORRESPONSE,
IND,2023,PATIENTSAFETY_COREINDICATORRESPONSE,
DEU,2023,PATIENTSAFETY_COREINDICATORRESPONSE,
FRA,2023,PATIENTSAFETY_COREINDICATORRESPONSE,
CZE,2023,PATIENTSAFETY_COREINDICATORRESPONSE,
IRQ,2023,PATIENTSAFETY_COREINDICATORRESPONSE,
KEN,2023,PATIENTSAFETY_COREINDICATORRESPONSE,
DNK,2023,PATIENTSAFETY_COREINDICATORRESPONSE,
NLD,2023,PATIENTSAFETY_COREINDICATORRESPONSE,
HTI,2023,PATIENTSAFETY_COREINDICATORRESPONSE,
LVA,2023,PATIENTSAFETY_COREINDICATORRESPONSE,
IRL,2023,PATIENTSAFETY_COREINDICATORRESPONSE,
DNK,2023,PATIENTSAFETY_COREINDICATORRESPONSE,
NPL,2023,PATIENTSAFETY_COREINDICATORRESPONSE,
JPN,2023,PATIENTSAFETY_COREINDICATORRESPONSE,
MLT,2023,PATIENTSAFETY_COREINDICATORRESPONSE,
MYS,2023,PATIENTSAFETY_COREINDICATORRESPONSE,
ARG,2023,PATIENTSAFETY_COREINDICATORRESPONSE,
BTN,2023,PATIENTSAFETY_COREINDICATORRESPONSE,
BTN,2023,PATIENTSAFETY_COREINDICATORRESPONSE,
PHL,2023,PATIENTSAFETY_COREINDICATORRESPONSE,
BEL,2023,PATIENTSAFETY_COREINDICATORRESPONSE,
ETH,2023,PATIENTSAFETY_COREINDICATORRESPONSE,
PRK,2023,PATIENTSAFETY_COREINDICATORRESPONSE,
PRK,2023,PATIENTSAFETY_COREINDICATORRESPONSE,
KHM,2023,PATIENTSAFETY_COREINDICATORRESPONSE,
ECU,2023,PATIENTSAFETY_COREINDICATORRESPONSE,
DOM,2023,PATIENTSAFETY_COREINDICATORRESPONSE,
TUR,2023,PATIENTSAFETY_COREINDICATORRESPONSE,
PAN,2023,PATIENTSAFETY_COREINDICATORRESPONSE,
LVA,2023,PATIENTSAFETY_COREINDICATORRESPONSE,
BEL,2023,PATIENTSAFETY_COREINDICATORRESPONSE,
NER,2023,PATIENTSAFETY_COREINDICATORRESPONSE,
CHE,2023,PATIENTSAFETY_COREINDICATORRESPONSE,
MWI,2023,PATIENTSAFETY_COREINDICATORRESPONSE,
USA,2023,PATIENTSAFETY_COREINDICATORRESPONSE,
GRC,2023,PATIENTSAFETY_COREINDICATORRESPONSE,
CPV,2023,PATIENTSAFETY_COREINDICATORRESPONSE,
BGR,2023,PATIENTSAFETY_COREINDICATORRESPONSE,
KAZ,2023,PATIENTSAFETY_COREINDICATORRESPONSE,
DEU,2023,PATIENTSAFETY_COREINDICATORRESPONSE,
GEO,2023,PATIENTSAFETY_COREINDICATORRESPONSE,
LBR,2023,PATIENTSAFETY_COREINDICATORRESPONSE,
DOM,2023,PATIENTSAFETY_COREINDICATORRESPONSE,
CZE,2023,PATIENTSAFETY_COREINDICATORRESPONSE,
KHM,2023,PATIENTSAFETY_COREINDICATORRESPONSE,
GIN,2023,PATIENTSAFETY_COREINDICATORRESPONSE,
GIN,2023,PATIENTSAFETY_COREINDICATORRESPONSE,
ARG,2023,PATIENTSAFETY_COREINDICATORRESPONSE,
AFG,2023,PATIENTSAFETY_COREINDICATORRESPONSE,
SLV,2023,PATIENTSAFETY_COREINDICATORRESPONSE,
KAZ,2023,PATIENTSAFETY_COREINDICATORRESPONSE,
UGA,2023,PATIENTSAFETY_COREINDICATORRESPONSE,
SDN,2023,PATIENTSAFETY_COREINDICATORRESPONSE,
MKD,2023,PATIENTSAFETY_COREINDICATORRESPONSE,
IRQ,2023,PATIENTSAFETY_COREINDICATORRESPONSE,
SWE,2023,PATIENTSAFETY_COREINDICATORRESPONSE,
GHA,2023,PATIENTSAFETY_COREINDICATORRESPONSE,
SGP,2023,PATIENTSAFETY_COREINDICATORRESPONSE,
UGA,2023,PATIENTSAFETY_COREINDICATORRESPONSE,
URY,2023,PATIENTSAFETY_COREINDICATORRESPONSE,
GBR,2023,PATIENTSAFETY_COREINDICATORRESPONSE,
CUB,2023,PATIENTSAFETY_COREINDICATORRESPONSE,
ZAF,2023,PATIENTSAFETY_COREINDICATORRESPONSE,
AZE,2023,PATIENTSAFETY_COREINDICATORRESPONSE,
VNM,2023,PATIENTSAFETY_COREINDICATORRESPONSE,
ISR,2023,PATIENTSAFETY_COREINDICATORRESPONSE,
PAK,2023,PATIENTSAFETY_COREINDICATORRESPONSE,
SEAR,2023,PATIENTSAFETY_STRATEGICOBJECTIVEAGGREGATE,37.42020202
WB_UMI,2023,PATIENTSAFETY_STRATEGICOBJECTIVEAGGREGATE,60.22384615
EUR,2023,PATIENTSAFETY_STRATEGICOBJECTIVEAGGREGATE,49.29354024
WB_LMI,2023,PATIENTSAFETY_STRATEGICOBJECTIVEAGGREGATE,41.06478261
AFR,2023,PATIENTSAFETY_STRATEGICOBJECTIVEAGGREGATE,49.6270611
EUR,2023,PATIENTSAFETY_STRATEGICOBJECTIVEAGGREGATE,63.61999107
AMR,2023,PATIENTSAFETY_STRATEGICOBJECTIVEAGGREGATE,40.83485552
AFR,2023,PATIENTSAFETY_STRATEGICOBJECTIVEAGGREGATE,49.4037594
AMR,2023,PATIENTSAFETY_STRATEGICOBJECTIVEAGGREGATE,53.41787066
GLOBAL,2023,PATIENTSAFETY_STRATEGICOBJECTIVEAGGREGATE,63.20577892
EMR,2023,PATIENTSAFETY_STRATEGICOBJECTIVEAGGREGATE,61.15555556
SEAR,2023,PATIENTSAFETY_STRATEGICOBJECTIVEAGGREGATE,64.89090909
WB_UMI,2023,PATIENTSAFETY_STRATEGICOBJECTIVEAGGREGATE,45.63626781
WB_HI,2023,PATIENTSAFETY_STRATEGICOBJECTIVEAGGREGATE,59.24375281
WB_UMI,2023,PATIENTSAFETY_STRATEGICOBJECTIVEAGGREGATE,47.12122259
WB_HI,2023,PATIENTSAFETY_STRATEGICOBJECTIVEAGGREGATE,53.35139858
WPR,2023,PATIENTSAFETY_STRATEGICOBJECTIVEAGGREGATE,49.80808081
EMR,2023,PATIENTSAFETY_STRATEGICOBJECTIVEAGGREGATE,35.78888889
EUR,2023,PATIENTSAFETY_STRATEGICOBJECTIVEAGGREGATE,70.71491307
EMR,2023,PATIENTSAFETY_STRATEGICOBJECTIVEAGGREGATE,40.22222222
EUR,2023,PATIENTSAFETY_STRATEGICOBJECTIVEAGGREGATE,55.17699793
SEAR,2023,PATIENTSAFETY_STRATEGICOBJECTIVEAGGREGATE,56.31515152
GLOBAL,2023,PATIENTSAFETY_STRATEGICOBJECTIVEAGGREGATE,61.09333032
WB_UMI,2023,PATIENTSAFETY_STRATEGICOBJECTIVEAGGREGATE,64.36239316
WB_LMI,2023,PATIENTSAFETY_STRATEGICOBJECTIVEAGGREGATE,27.55758893
WB_HI,2023,PATIENTSAFETY_STRATEGICOBJECTIVEAGGREGATE,49.96117018
AMR,2023,PATIENTSAFETY_STRATEGICOBJECTIVEAGGREGATE,64.55599415
AFR,2023,PATIENTSAFETY_STRATEGICOBJECTIVEAGGREGATE,25.98621554
WB_LI,2023,PATIENTSAFETY_STRATEGICOBJECTIVEAGGREGATE,49.42307692
AFR,2023,PATIENTSAFETY_STRATEGICOBJECTIVEAGGREGATE,29.25012531
EMR,2023,PATIENTSAFETY_STRATEGICOBJECTIVEAGGREGATE,38.82222222
WB_LI,2023,PATIENTSAFETY_STRATEGICOBJECTIVEAGGREGATE,53.25757576
WPR,2023,PATIENTSAFETY_STRATEGICOBJECTIVEAGGREGATE,70.05555556
WPR,2023,PATIENTSAFETY_STRATEGICOBJECTIVEAGGREGATE,50.48181818
WB_UMI,2023,PATIENTSAFETY_STRATEGICOBJECTIVEAGGREGATE,44.53444703
SEAR,2023,PATIENTSAFETY_STRATEGICOBJECTIVEAGGREGATE,45.69292929
AMR,2023,PATIENTSAFETY_STRATEGICOBJECTIVEAGGREGATE,49.17829255
SEAR,2023,PATIENTSAFETY_STRATEGICOBJECTIVEAGGREGATE,35.56363636
GLOBAL,2023,PATIENTSAFETY_STRATEGICOBJECTIVEAGGREGATE,40.91286795
WPR,2023,PATIENTSAFETY_STRATEGICOBJECTIVEAGGREGATE,69.18181818
EMR,2023,PATIENTSAFETY_STRATEGICOBJECTIVEAGGREGATE,50.71111111
WB_UMI,2023,PATIENTSAFETY_STRATEGICOBJECTIVEAGGREGATE,44.36660259
GLOBAL,2023,PATIENTSAFETY_STRATEGICOBJECTIVEAGGREGATE,44.63801333
WB_LI,2023,PATIENTSAFETY_STRATEGICOBJECTIVEAGGREGATE,36.55128205
WPR,2023,PATIENTSAFETY_STRATEGICOBJECTIVEAGGREGATE,50.03030303
AMR,2023,PATIENTSAFETY_STRATEGICOBJECTIVEAGGREGATE,60.71104723
AMR,2023,PATIENTSAFETY_STRATEGICOBJECTIVEAGGREGATE,45.77478992
SEAR,2023,PATIENTSAFETY_STRATEGICOBJECTIVEAGGREGATE,38.36363636
WB_UMI,2023,PATIENTSAFETY_STRATEGICOBJECTIVEAGGREGATE,45.0597151
WB_LI,2023,PATIENTSAFETY_STRATEGICOBJECTIVEAGGREGATE,26.19463869
AFR,2023,PATIENTSAFETY_STRATEGICOBJECTIVEAGGREGATE,30.99766082
EMR,2023,PATIENTSAFETY_STRATEGICOBJECTIVEAGGREGATE,33.31111111
AFR,2023,PATIENTSAFETY_STRATEGICOBJECTIVEAGGREGATE,35.4962406
GLOBAL,2023,PATIENTSAFETY_STRATEGICOBJECTIVEAGGREGATE,50.61781096
AMR,2023,PATIENTSAFETY_STRATEGICOBJECTIVEAGGREGATE,45.78474372
WB_LMI,2023,PATIENTSAFETY_STRATEGICOBJECTIVEAGGREGATE,53.67646339
EUR,2023,PATIENTSAFETY_STRATEGICOBJECTIVEAGGREGATE,58.28681547
WB_HI,2023,PATIENTSAFETY_STRATEGICOBJECTIVEAGGREGATE,63.70358798
WB_LI,2023,PATIENTSAFETY_STRATEGICOBJECTIVEAGGREGATE,29.56410256
EUR,2023,PATIENTSAFETY_STRATEGICOBJECTIVEAGGREGATE,49.40746517
WB_LMI,2023,PATIENTSAFETY_STRATEGICOBJECTIVEAGGREGATE,53.50521739
WB_HI,2023,PATIENTSAFETY_STRATEGICOBJECTIVEAGGREGATE,72.79932932
WB_LI,2023,PATIENTSAFETY_STRATEGICOBJECTIVEAGGREGATE,25.0955711
AFR,2023,PATIENTSAFETY_STRATEGICOBJECTIVEAGGREGATE,28.01168116
SEAR,2023,PATIENTSAFETY_STRATEGICOBJECTIVEAGGREGATE,38.74545455
EMR,2023,PATIENTSAFETY_STRATEGICOBJECTIVEAGGREGATE,62.33333333
WB_LMI,2023,PATIENTSAFETY_STRATEGICOBJECTIVEAGGREGATE,30.83
WB_LMI,2023,PATIENTSAFETY_STRATEGICOBJECTIVEAGGREGATE,31.78115942
GLOBAL,2023,PATIENTSAFETY_STRATEGICOBJECTIVEAGGREGATE,42.31494601
WB_HI,2023,PATIENTSAFETY_STRATEGICOBJECTIVEAGGREGATE,68.40987601
WB_LI,2023,PATIENTSAFETY_STRATEGICOBJECTIVEAGGREGATE,32.6969697
WPR,2023,PATIENTSAFETY_STRATEGICOBJECTIVEAGGREGATE,55.99090909
WB_LMI,2023,PATIENTSAFETY_STRATEGICOBJECTIVEAGGREGATE,29.09188406
EUR,2023,PATIENTSAFETY_STRATEGICOBJECTIVEAGGREGATE,54.87037986
GLOBAL,2023,PATIENTSAFETY_STRATEGICOBJECTIVEAGGREGATE,43.82424556
WPR,2023,PATIENTSAFETY_STRATEGICOBJECTIVEAGGREGATE,64.84848485
WB_HI,2023,PATIENTSAFETY_STRATEGICOBJECTIVEAGGREGATE,59.29141674
EMR,2023,PATIENTSAFETY_STRATEGYSCORE,7.377777778
WB_LI,2023,PATIENTSAFETY_STRATEGYSCORE,2.022727273
EMR,2023,PATIENTSAFETY_STRATEGYSCORE,7.7
WB_LI,2023,PATIENTSAFETY_STRATEGYSCORE,5.217948718
AMR,2023,PATIENTSAFETY_STRATEGYSCORE,3.492923485
AMR,2023,PATIENTSAFETY_STRATEGYSCORE,3.496517028
WB_UMI,2023,PATIENTSAFETY_STRATEGYSCORE,3.559380032
SEAR,2023,PATIENTSAFETY_STRATEGYSCORE,6.036363636
EMR,2023,PATIENTSAFETY_STRATEGYSCORE,4.1
WB_HI,2023,PATIENTSAFETY_STRATEGYSCORE,7.230438273
GLOBAL,2023,PATIENTSAFETY_STRATEGYSCORE,3.664349772
WB_UMI,2023,PATIENTSAFETY_STRATEGYSCORE,5.679487179
EMR,2023,PATIENTSAFETY_STRATEGYSCORE,5.4
WB_LI,2023,PATIENTSAFETY_STRATEGYSCORE,2.16025641
AFR,2023,PATIENTSAFETY_STRATEGYSCORE,3.090100251
WB_LMI,2023,PATIENTSAFETY_STRATEGYSCORE,5.948405797
WB_LI,2023,PATIENTSAFETY_STRATEGYSCORE,5.769230769
WB_HI,2023,PATIENTSAFETY_STRATEGYSCORE,4.653277725
EMR,2023,PATIENTSAFETY_STRATEGYSCORE,3.0
WB_HI,2023,PATIENTSAFETY_STRATEGYSCORE,6.519594595
EUR,2023,PATIENTSAFETY_STRATEGYSCORE,6.081165846
EUR,2023,PATIENTSAFETY_STRATEGYSCORE,5.64903717
AMR,2023,PATIENTSAFETY_STRATEGYSCORE,5.888596491
WB_UMI,2023,PATIENTSAFETY_STRATEGYSCORE,4.955384615
WB_LI,2023,PATIENTSAFETY_STRATEGYSCORE,2.384615385
AFR,2023,PATIENTSAFETY_STRATEGYSCORE,2.435714286
WB_LMI,2023,PATIENTSAFETY_STRATEGYSCORE,3.816666667
WB_UMI,2023,PATIENTSAFETY_STRATEGYSCORE,3.823760684
SEAR,2023,PATIENTSAFETY_STRATEGYSCORE,6.355555556
WB_HI,2023,PATIENTSAFETY_STRATEGYSCORE,5.03996304
WB_LI,2023,PATIENTSAFETY_STRATEGYSCORE,3.891025641
WB_HI,2023,PATIENTSAFETY_STRATEGYSCORE,6.461538462
WB_HI,2023,PATIENTSAFETY_STRATEGYSCORE,6.841886725
EMR,2023,PATIENTSAFETY_STRATEGYSCORE,4.3
WB_LMI,2023,PATIENTSAFETY_STRATEGYSCORE,3.941521739
GLOBAL,2023,PATIENTSAFETY_STRATEGYSCORE,5.09045394
EMR,2023,PATIENTSAFETY_STRATEGYSCORE,3.7
EMR,2023,PATIENTSAFETY_STRATEGYSCORE,3.6
WB_HI,2023,PATIENTSAFETY_STRATEGYSCORE,8.308704453
WB_UMI,2023,PATIENTSAFETY_STRATEGYSCORE,5.856125356
SEAR,2023,PATIENTSAFETY_STRATEGYSCORE,5.227272727
EMR,2023,PATIENTSAFETY_STRATEGYSCORE,5.355555556
WB_HI,2023,PATIENTSAFETY_STRATEGYSCORE,6.120217358
AMR,2023,PATIENTSAFETY_STRATEGYSCORE,3.233918129
EMR,2023,PATIENTSAFETY_STRATEGYSCORE,4.6
WPR,2023,PATIENTSAFETY_STRATEGYSCORE,8.444444444
EMR,2023,PATIENTSAFETY_STRATEGYSCORE,4.766666667
AMR,2023,PATIENTSAFETY_STRATEGYSCORE,4.150093371
WB_HI,2023,PATIENTSAFETY_STRATEGYSCORE,6.679149798
WB_LMI,2023,PATIENTSAFETY_STRATEGYSCORE,3.332681159
WB_LMI,2023,PATIENTSAFETY_STRATEGYSCORE,5.636666667
WB_LMI,2023,PATIENTSAFETY_STRATEGYSCORE,3.469710145
WB_HI,2023,PATIENTSAFETY_STRATEGYSCORE,4.879532164
WB_UMI,2023,PATIENTSAFETY_STRATEGYSCORE,4.062678063
WB_LMI,2023,PATIENTSAFETY_STRATEGYSCORE,4.751666667
AMR,2023,PATIENTSAFETY_STRATEGYSCORE,3.706088751
WB_UMI,2023,PATIENTSAFETY_STRATEGYSCORE,7.62962963
WB_HI,2023,PATIENTSAFETY_STRATEGYSCORE,7.821688367
AMR,2023,PATIENTSAFETY_STRATEGYSCORE,3.665570175
WPR,2023,PATIENTSAFETY_STRATEGYSCORE,6.75
GLOBAL,2023,PATIENTSAFETY_STRATEGYSCORE,5.589430399
EMR,2023,PATIENTSAFETY_STRATEGYSCORE,3.0
AMR,2023,PATIENTSAFETY_STRATEGYSCORE,5.377369281
SEAR,2023,PATIENTSAFETY_STRATEGYSCORE,4.355555556
AMR,2023,PATIENTSAFETY_STRATEGYSCORE,5.175541796
SEAR,2023,PATIENTSAFETY_STRATEGYSCORE,5.518181818
WB_LI,2023,PATIENTSAFETY_STRATEGYSCORE,2.307692308
WB_HI,2023,PATIENTSAFETY_STRATEGYSCORE,6.779681103
EMR,2023,PATIENTSAFETY_STRATEGYSCORE,5.288888889
EMR,2023,PATIENTSAFETY_STRATEGYSCORE,5.311111111
AFR,2023,PATIENTSAFETY_STRATEGYSCORE,5.047368421
EUR,2023,PATIENTSAFETY_STRATEGYSCORE,4.761743295
EUR,2023,PATIENTSAFETY_STRATEGYSCORE,5.399928161
EMR,2023,PATIENTSAFETY_STRATEGYSCORE,2.211111111
SEAR,2023,PATIENTSAFETY_STRATEGYSCORE,4.090909091
AFR,2023,PATIENTSAFETY_STRATEGYSCORE,4.635714286
SEAR,2023,PATIENTSAFETY_STRATEGYSCORE,4.818181818
AMR,2023,PATIENTSAFETY_STRATEGYSCORE,4.80459482
WB_UMI,2023,PATIENTSAFETY_STRATEGYSCORE,4.91025641
EUR,2023,PATIENTSAFETY_STRATEGYSCORE,7.272043011
AFR,2023,PATIENTSAFETY_STRATEGYSCORE,4.5
EMR,2023,PATIENTSAFETY_STRATEGYSCORE,3.455555556
WPR,2023,PATIENTSAFETY_STRATEGYSCORE,5.590909091
WB_HI,2023,PATIENTSAFETY_STRATEGYSCORE,5.169227686
AMR,2023,PATIENTSAFETY_STRATEGYSCORE,6.523809524
WB_UMI,2023,PATIENTSAFETY_STRATEGYSCORE,5.388888889
WB_UMI,2023,PATIENTSAFETY_STRATEGYSCORE,4.827991453
WB_HI,2023,PATIENTSAFETY_STRATEGYSCORE,4.998204023
WB_LMI,2023,PATIENTSAFETY_STRATEGYSCORE,2.656304348
EUR,2023,PATIENTSAFETY_STRATEGYSCORE,8.107060755
AFR,2023,PATIENTSAFETY_STRATEGYSCORE,3.069005848
EUR,2023,PATIENTSAFETY_STRATEGYSCORE,6.683809524
WB_LI,2023,PATIENTSAFETY_STRATEGYSCORE,3.019230769
WB_UMI,2023,PATIENTSAFETY_STRATEGYSCORE,4.648504274
GLOBAL,2023,PATIENTSAFETY_STRATEGYSCORE,4.939444837
GLOBAL,2023,PATIENTSAFETY_STRATEGYSCORE,5.001433623
GLOBAL,2023,PATIENTSAFETY_STRATEGYSCORE,4.163588829
WB_UMI,2023,PATIENTSAFETY_STRATEGYSCORE,4.123219373
WPR,2023,PATIENTSAFETY_STRATEGYSCORE,7.333333333
WB_LI,2023,PATIENTSAFETY_STRATEGYSCORE,4.0
EUR,2023,PATIENTSAFETY_STRATEGYSCORE,5.95141427
WB_LI,2023,PATIENTSAFETY_STRATEGYSCORE,2.826923077
WPR,2023,PATIENTSAFETY_STRATEGYSCORE,6.340909091
AFR,2023,PATIENTSAFETY_STRATEGYSCORE,3.515406162
AMR,2023,PATIENTSAFETY_STRATEGYSCORE,4.728414173
WPR,2023,PATIENTSAFETY_STRATEGYSCORE,4.227272727
AFR,2023,PATIENTSAFETY_STRATEGYSCORE,3.185714286
EUR,2023,PATIENTSAFETY_STRATEGYSCORE,6.306067137
WB_UMI,2023,PATIENTSAFETY_STRATEGYSCORE,6.222222222
GLOBAL,2023,PATIENTSAFETY_STRATEGYSCORE,7.192725816
WB_HI,2023,PATIENTSAFETY_STRATEGYSCORE,4.342690868
GLOBAL,2023,PATIENTSAFETY_STRATEGYSCORE,5.067317411
AFR,2023,PATIENTSAFETY_STRATEGYSCORE,3.497619048
WB_LI,2023,PATIENTSAFETY_STRATEGYSCORE,3.275641026
AMR,2023,PATIENTSAFETY_STRATEGYSCORE,8.092105263
SEAR,2023,PATIENTSAFETY_STRATEGYSCORE,7.544444444
WB_LMI,2023,PATIENTSAFETY_STRATEGYSCORE,3.91
AMR,2023,PATIENTSAFETY_STRATEGYSCORE,4.675730994
WB_LI,2023,PATIENTSAFETY_STRATEGYSCORE,3.163170163
EUR,2023,PATIENTSAFETY_STRATEGYSCORE,6.132942326
WB_HI,2023,PATIENTSAFETY_STRATEGYSCORE,4.80021578
SEAR,2023,PATIENTSAFETY_STRATEGYSCORE,5.488888889
WB_LMI,2023,PATIENTSAFETY_STRATEGYSCORE,2.693333333
WB_LMI,2023,PATIENTSAFETY_STRATEGYSCORE,5.017826087
WB_UMI,2023,PATIENTSAFETY_STRATEGYSCORE,4.834074074
EUR,2023,PATIENTSAFETY_STRATEGYSCORE,4.46375935
EUR,2023,PATIENTSAFETY_STRATEGYSCORE,4.505358432
WPR,2023,PATIENTSAFETY_STRATEGYSCORE,4.25
EMR,2023,PATIENTSAFETY_STRATEGYSCORE,4.6
WPR,2023,PATIENTSAFETY_STRATEGYSCORE,5.583333333
WB_UMI,2023,PATIENTSAFETY_STRATEGYSCORE,7.14997151
AFR,2023,PATIENTSAFETY_STRATEGYSCORE,2.909398496
AMR,2023,PATIENTSAFETY_STRATEGYSCORE,3.666666667
AFR,2023,PATIENTSAFETY_STRATEGYSCORE,3.080952381
WPR,2023,PATIENTSAFETY_STRATEGYSCORE,8.333333333
GLOBAL,2023,PATIENTSAFETY_STRATEGYSCORE,4.057755776
EMR,2023,PATIENTSAFETY_STRATEGYSCORE,5.255555556
EUR,2023,PATIENTSAFETY_STRATEGYSCORE,6.939324117
GLOBAL,2023,PATIENTSAFETY_STRATEGYSCORE,3.480852885
WB_LI,2023,PATIENTSAFETY_STRATEGYSCORE,5.583333333
GLOBAL,2023,PATIENTSAFETY_STRATEGYSCORE,4.883180145
WB_UMI,2023,PATIENTSAFETY_STRATEGYSCORE,4.592820513
WB_HI,2023,PATIENTSAFETY_STRATEGYSCORE,6.52995896
WPR,2023,PATIENTSAFETY_STRATEGYSCORE,6.166666667
AFR,2023,PATIENTSAFETY_STRATEGYSCORE,4.316666667
EUR,2023,PATIENTSAFETY_STRATEGYSCORE,4.841619993
AMR,2023,PATIENTSAFETY_STRATEGYSCORE,4.645321637
SEAR,2023,PATIENTSAFETY_STRATEGYSCORE,7.457575758
GLOBAL,2023,PATIENTSAFETY_STRATEGYSCORE,3.442393622
WB_HI,2023,PATIENTSAFETY_STRATEGYSCORE,5.386406006
SEAR,2023,PATIENTSAFETY_STRATEGYSCORE,3.554545455
EMR,2023,PATIENTSAFETY_STRATEGYSCORE,2.9
EMR,2023,PATIENTSAFETY_STRATEGYSCORE,5.0
WB_LI,2023,PATIENTSAFETY_STRATEGYSCORE,3.076923077
SEAR,2023,PATIENTSAFETY_STRATEGYSCORE,2.38989899
WPR,2023,PATIENTSAFETY_STRATEGYSCORE,6.136363636
GLOBAL,2023,PATIENTSAFETY_STRATEGYSCORE,4.71174295
EMR,2023,PATIENTSAFETY_STRATEGYSCORE,4.9
SEAR,2023,PATIENTSAFETY_STRATEGYSCORE,4.411111111
WB_LI,2023,PATIENTSAFETY_STRATEGYSCORE,6.424242424
EMR,2023,PATIENTSAFETY_STRATEGYSCORE,4.666666667
WB_LI,2023,PATIENTSAFETY_STRATEGYSCORE,3.269230769
SEAR,2023,PATIENTSAFETY_STRATEGYSCORE,4.244444444
WB_HI,2023,PATIENTSAFETY_STRATEGYSCORE,5.778111947
WB_LMI,2023,PATIENTSAFETY_STRATEGYSCORE,2.222898551
WB_LMI,2023,PATIENTSAFETY_STRATEGYSCORE,4.020144928
WB_LMI,2023,PATIENTSAFETY_STRATEGYSCORE,5.63801054
GLOBAL,2023,PATIENTSAFETY_STRATEGYSCORE,5.898466045
AMR,2023,PATIENTSAFETY_STRATEGYSCORE,5.873611111
EUR,2023,PATIENTSAFETY_STRATEGYSCORE,6.285642717
AFR,2023,PATIENTSAFETY_STRATEGYSCORE,3.252380952
WPR,2023,PATIENTSAFETY_STRATEGYSCORE,5.75
WB_LI,2023,PATIENTSAFETY_STRATEGYSCORE,2.692307692
EUR,2023,PATIENTSAFETY_STRATEGYSCORE,8.900537634
AFR,2023,PATIENTSAFETY_STRATEGYSCORE,3.123684211
WPR,2023,PATIENTSAFETY_STRATEGYSCORE,5.886363636
GLOBAL,2023,PATIENTSAFETY_STRATEGYSCORE,7.128894138
WB_UMI,2023,PATIENTSAFETY_STRATEGYSCORE,4.766381766
WB_UMI,2023,PATIENTSAFETY_STRATEGYSCORE,5.112820513
AFR,2023,PATIENTSAFETY_STRATEGYSCORE,7.097619048
GLOBAL,2023,PATIENTSAFETY_STRATEGYSCORE,5.477741421
EMR,2023,PATIENTSAFETY_STRATEGYSCORE,6.977777778
EUR,2023,PATIENTSAFETY_STRATEGYSCORE,8.001069159
WB_HI,2023,PATIENTSAFETY_STRATEGYSCORE,8.850140713
WB_LMI,2023,PATIENTSAFETY_STRATEGYSCORE,5.547681159
EUR,2023,PATIENTSAFETY_STRATEGYSCORE,5.000934901
WB_UMI,2023,PATIENTSAFETY_STRATEGYSCORE,3.992877493
GLOBAL,2023,PATIENTSAFETY_STRATEGYSCORE,3.402908481
WB_HI,2023,PATIENTSAFETY_STRATEGYSCORE,4.994651719
GLOBAL,2023,PATIENTSAFETY_STRATEGYSCORE,5.304993161
WB_HI,2023,PATIENTSAFETY_STRATEGYSCORE,3.912010369
GLOBAL,2023,PATIENTSAFETY_STRATEGYSCORE,4.980294704
WPR,2023,PATIENTSAFETY_STRATEGYSCORE,6.833333333
SEAR,2023,PATIENTSAFETY_STRATEGYSCORE,4.363636364
WB_LMI,2023,PATIENTSAFETY_STRATEGYSCORE,4.817463768
AFR,2023,PATIENTSAFETY_STRATEGYSCORE,4.173809524
WB_HI,2023,PATIENTSAFETY_STRATEGYSCORE,5.460877842
AFR,2023,PATIENTSAFETY_STRATEGYSCORE,1.523809524
WB_LMI,2023,PATIENTSAFETY_STRATEGYSCORE,2.040843215
AFR,2023,PATIENTSAFETY_STRATEGYSCORE,5.065233334
WB_UMI,2023,PATIENTSAFETY_STRATEGYSCORE,7.486168091
AMR,2023,PATIENTSAFETY_STRATEGYSCORE,7.8
AMR,2023,PATIENTSAFETY_STRATEGYSCORE,7.02253182
GLOBAL,2023,PATIENTSAFETY_STRATEGYSCORE,4.615005798
WB_UMI,2023,PATIENTSAFETY_STRATEGYSCORE,5.163105413
SEAR,2023,PATIENTSAFETY_STRATEGYSCORE,2.545454545
SEAR,2023,PATIENTSAFETY_STRATEGYSCORE,2.909090909
WPR,2023,PATIENTSAFETY_STRATEGYSCORE,6.684343434
SEAR,2023,PATIENTSAFETY_STRATEGYSCORE,3.566666667
WB_LI,2023,PATIENTSAFETY_STRATEGYSCORE,4.429487179
AMR,2023,PATIENTSAFETY_STRATEGYSCORE,5.107894737
AMR,2023,PATIENTSAFETY_STRATEGYSCORE,3.470588235
WB_LI,2023,PATIENTSAFETY_STRATEGYSCORE,3.262820513
WB_LI,2023,PATIENTSAFETY_STRATEGYSCORE,1.884615385
AFR,2023,PATIENTSAFETY_STRATEGYSCORE,2.75
WB_HI,2023,PATIENTSAFETY_STRATEGYSCORE,6.823549784
SEAR,2023,PATIENTSAFETY_STRATEGYSCORE,3.781818182
AFR,2023,PATIENTSAFETY_STRATEGYSCORE,2.779824561
WPR,2023,PATIENTSAFETY_STRATEGYSCORE,5.75
AFR,2023,PATIENTSAFETY_STRATEGYSCORE,6.508823529
AMR,2023,PATIENTSAFETY_STRATEGYSCORE,7.237468672
WB_LMI,2023,PATIENTSAFETY_STRATEGYSCORE,3.01115942
WB_LI,2023,PATIENTSAFETY_STRATEGYSCORE,3.737179487
AFR,2023,PATIENTSAFETY_STRATEGYSCORE,5.123099415
WB_LMI,2023,PATIENTSAFETY_STRATEGYSCORE,4.490942029
SEAR,2023,PATIENTSAFETY_STRATEGYSCORE,5.363636364
AMR,2023,PATIENTSAFETY_STRATEGYSCORE,3.850584795
EMR,2023,PATIENTSAFETY_STRATEGYSCORE,7.544444444
WB_HI,2023,PATIENTSAFETY_STRATEGYSCORE,7.575548671
EUR,2023,PATIENTSAFETY_STRATEGYSCORE,6.217834631
EMR,2023,PATIENTSAFETY_STRATEGYSCORE,3.694444444
SEAR,2023,PATIENTSAFETY_STRATEGYSCORE,4.654545455
SEAR,2023,PATIENTSAFETY_STRATEGYSCORE,3.363636364
WB_HI,2023,PATIENTSAFETY_STRATEGYSCORE,6.800787458
AFR,2023,PATIENTSAFETY_STRATEGYSCORE,2.496240602
WPR,2023,PATIENTSAFETY_STRATEGYSCORE,5.181818182
GLOBAL,2023,PATIENTSAFETY_STRATEGYSCORE,3.997346859
AMR,2023,PATIENTSAFETY_STRATEGYSCORE,4.65842179
EMR,2023,PATIENTSAFETY_STRATEGYSCORE,3.2
AFR,2023,PATIENTSAFETY_STRATEGYSCORE,2.76411863
WB_LMI,2023,PATIENTSAFETY_STRATEGYSCORE,2.410243742
EUR,2023,PATIENTSAFETY_STRATEGYSCORE,5.990186746
AFR,2023,PATIENTSAFETY_STRATEGYSCORE,2.030952381
WB_HI,2023,PATIENTSAFETY_STRATEGYSCORE,5.055347092
EMR,2023,PATIENTSAFETY_STRATEGYSCORE,2.6
WB_LMI,2023,PATIENTSAFETY_STRATEGYSCORE,1.93173913
EMR,2023,PATIENTSAFETY_STRATEGYSCORE,3.2
GLOBAL,2023,PATIENTSAFETY_STRATEGYSCORE,5.426785068
EMR,2023,PATIENTSAFETY_STRATEGYSCORE,5.577777778
AFR,2023,PATIENTSAFETY_STRATEGYSCORE,3.088220551
EUR,2023,PATIENTSAFETY_STRATEGYSCORE,5.30540293
AFR,2023,PATIENTSAFETY_STRATEGYSCORE,3.93283208
WB_UMI,2023,PATIENTSAFETY_STRATEGYSCORE,4.154558405
EUR,2023,PATIENTSAFETY_STRATEGYSCORE,4.3246767
WB_UMI,2023,PATIENTSAFETY_STRATEGYSCORE,3.777777778
WB_UMI,2023,PATIENTSAFETY_STRATEGYSCORE,3.727207977
WB_LI,2023,PATIENTSAFETY_STRATEGYSCORE,3.320512821
WPR,2023,PATIENTSAFETY_STRATEGYSCORE,4.886363636
WB_HI,2023,PATIENTSAFETY_STRATEGYSCORE,6.327039959
WB_LI,2023,PATIENTSAFETY_STRATEGYSCORE,5.916666667
AFR,2023,PATIENTSAFETY_STRATEGYSCORE,2.154761905
GLOBAL,2023,PATIENTSAFETY_STRATEGYSCORE,6.928325447
WB_LI,2023,PATIENTSAFETY_STRATEGYSCORE,3.333333333
AMR,2023,PATIENTSAFETY_STRATEGYSCORE,4.623684211
WB_LI,2023,PATIENTSAFETY_STRATEGYSCORE,5.181818182
WB_LI,2023,PATIENTSAFETY_STRATEGYSCORE,1.961538462
WB_LMI,2023,PATIENTSAFETY_STRATEGYSCORE,6.282467532
AMR,2023,PATIENTSAFETY_STRATEGYSCORE,4.739379085
WPR,2023,PATIENTSAFETY_STRATEGYSCORE,7.833333333
WPR,2023,PATIENTSAFETY_STRATEGYSCORE,6.833333333
GLOBAL,2023,PATIENTSAFETY_STRATEGYSCORE,4.226736501
SEAR,2023,PATIENTSAFETY_STRATEGYSCORE,4.0
WPR,2023,PATIENTSAFETY_STRATEGYSCORE,4.886363636
WB_HI,2023,PATIENTSAFETY_STRATEGYSCORE,5.28447753
EMR,2023,PATIENTSAFETY_STRATEGYSCORE,5.2
SEAR,2023,PATIENTSAFETY_STRATEGYSCORE,4.536363636
WB_UMI,2023,PATIENTSAFETY_STRATEGYSCORE,4.591168091
WPR,2023,PATIENTSAFETY_STRATEGYSCORE,5.333333333
WPR,2023,PATIENTSAFETY_STRATEGYSCORE,5.416666667
WB_UMI,2023,PATIENTSAFETY_STRATEGYSCORE,4.337435897
SEAR,2023,PATIENTSAFETY_STRATEGYSCORE,3.336363636
GLOBAL,2023,PATIENTSAFETY_STRATEGYSCORE,4.034697631
SEAR,2023,PATIENTSAFETY_STRATEGYSCORE,4.818181818
WB_LMI,2023,PATIENTSAFETY_STRATEGYSCORE,4.160942029
AFR,2023,PATIENTSAFETY_STRATEGYSCORE,2.04197995
WPR,2023,PATIENTSAFETY_STRATEGYSCORE,6.416666667
GLOBAL,2023,PATIENTSAFETY_STRATEGYSCORE,4.427160789
SEAR,2023,PATIENTSAFETY_STRATEGYSCORE,4.454545455
EUR,2023,PATIENTSAFETY_STRATEGYSCORE,5.983049582
AMR,2023,PATIENTSAFETY_STRATEGYSCORE,4.140350877
AMR,2023,PATIENTSAFETY_STRATEGYSCORE,5.54747162
WB_LMI,2023,PATIENTSAFETY_STRATEGYSCORE,3.614130435
EUR,2023,PATIENTSAFETY_STRATEGYSCORE,5.939974457
GLOBAL,2023,PATIENTSAFETY_STRATEGYSCORE,5.348585657
SEAR,2023,PATIENTSAFETY_STRATEGYSCORE,7.0
EUR,2023,PATIENTSAFETY_STRATEGYSCORE,6.41875
GLOBAL,2023,PATIENTSAFETY_STRATEGYSCORE,3.773695326
WB_LMI,2023,PATIENTSAFETY_STRATEGYSCORE,3.083333333
AFR,2023,PATIENTSAFETY_STRATEGYSCORE,3.303508772
WB_LMI,2023,PATIENTSAFETY_STRATEGYSCORE,3.194927536
EUR,2023,PATIENTSAFETY_STRATEGYSCORE,3.438695652
GLOBAL,2023,PATIENTSAFETY_STRATEGYSCORE,3.390005175
WB_HI,2023,PATIENTSAFETY_STRATEGYSCORE,5.336837558
SEAR,2023,PATIENTSAFETY_STRATEGYSCORE,5.0
AMR,2023,PATIENTSAFETY_STRATEGYSCORE,4.858479532
WB_LI,2023,PATIENTSAFETY_STRATEGYSCORE,1.842657343
WB_LI,2023,PATIENTSAFETY_STRATEGYSCORE,5.371212121
EUR,2023,PATIENTSAFETY_STRATEGYSCORE,4.340852229
WPR,2023,PATIENTSAFETY_STRATEGYSCORE,4.953030303
WB_LI,2023,PATIENTSAFETY_STRATEGYSCORE,6.358974359
EUR,2023,PATIENTSAFETY_STRATEGYSCORE,5.980846774
WB_LMI,2023,PATIENTSAFETY_STRATEGYSCORE,3.19826087
WB_LMI,2023,PATIENTSAFETY_STRATEGYSCORE,7.615652174
WB_LMI,2023,PATIENTSAFETY_STRATEGYSCORE,4.48
WPR,2023,PATIENTSAFETY_STRATEGYSCORE,5.401515152
EMR,2023,PATIENTSAFETY_STRATEGYSCORE,4.011111111
WB_UMI,2023,PATIENTSAFETY_STRATEGYSCORE,4.512820513
WPR,2023,PATIENTSAFETY_STRATEGYSCORE,3.893939394
WPR,2023,PATIENTSAFETY_STRATEGYSCORE,7.5
WB_UMI,2023,PATIENTSAFETY_STRATEGYSCORE,4.921652422
EUR,2023,PATIENTSAFETY_STRATEGYSCORE,4.935632184
AFR,2023,PATIENTSAFETY_STRATEGYSCORE,3.046616541
SEAR,2023,PATIENTSAFETY_STRATEGYSCORE,3.5
SEAR,2023,PATIENTSAFETY_STRATEGYSCORE,3.090909091
SEAR,2023,PATIENTSAFETY_STRATEGYSCORE,6.727272727
WPR,2023,PATIENTSAFETY_STRATEGYSCORE,5.098484848
WB_LI,2023,PATIENTSAFETY_STRATEGYSCORE,2.730769231
WB_LMI,2023,PATIENTSAFETY_STRATEGYSCORE,2.755
AFR,2023,PATIENTSAFETY_STRATEGYSCORE,5.428571429
WPR,2023,PATIENTSAFETY_STRATEGYSCORE,6.333333333
WB_LMI,2023,PATIENTSAFETY_STRATEGYSCORE,4.544565217
GLOBAL,2023,PATIENTSAFETY_STRATEGYSCORE,6.233612712
GLOBAL,2023,PATIENTSAFETY_STRATEGYSCORE,8.1570515
WB_LMI,2023,PATIENTSAFETY_STRATEGYSCORE,2.223333333
WB_LI,2023,PATIENTSAFETY_STRATEGYSCORE,2.262820513
GLOBAL,2023,PATIENTSAFETY_STRATEGYSCORE,4.196825105
WB_LMI,2023,PATIENTSAFETY_STRATEGYSCORE,1.645
WB_LMI,2023,PATIENTSAFETY_STRATEGYSCORE,2.743939394
GLOBAL,2023,PATIENTSAFETY_STRATEGYSCORE,5.49210852
WB_LMI,2023,PATIENTSAFETY_STRATEGYSCORE,2.906086957
WB_UMI,2023,PATIENTSAFETY_STRATEGYSCORE,5.260683761
EUR,2023,PATIENTSAFETY_STRATEGYSCORE,5.428276973
WB_UMI,2023,PATIENTSAFETY_STRATEGYSCORE,6.114074074
GLOBAL,2023,PATIENTSAFETY_STRATEGYSCORE,6.092244032
WB_UMI,2023,PATIENTSAFETY_STRATEGYSCORE,8.37037037
WPR,2023,PATIENTSAFETY_STRATEGYSCORE,3.962121212
WB_LI,2023,PATIENTSAFETY_STRATEGYSCORE,3.692307692
WB_LI,2023,PATIENTSAFETY_STRATEGYSCORE,4.153846154
WB_HI,2023,PATIENTSAFETY_STRATEGYSCORE,6.951566416
AMR,2023,PATIENTSAFETY_STRATEGYSCORE,6.671706226
AFR,2023,PATIENTSAFETY_STRATEGYSCORE,4.080952381
WB_LI,2023,PATIENTSAFETY_STRATEGYSCORE,2.722610723
SEAR,2023,PATIENTSAFETY_STRATEGYSCORE,4.181818182
WB_HI,2023,PATIENTSAFETY_STRATEGYSCORE,6.383820576
WPR,2023,PATIENTSAFETY_STRATEGYSCORE,6.863636364
WB_UMI,2023,PATIENTSAFETY_STRATEGYSCORE,6.019020979
EMR,2023,PATIENTSAFETY_STRATEGYSCORE,5.9
SEAR,2023,PATIENTSAFETY_STRATEGYSCORE,3.4
WPR,2023,PATIENTSAFETY_STRATEGYSCORE,4.609090909
EUR,2023,PATIENTSAFETY_STRATEGYSCORE,4.859514687
WB_UMI,2023,PATIENTSAFETY_STRATEGYSCORE,3.583673975
EMR,2023,PATIENTSAFETY_STRATEGYSCORE,6.4
EUR,2023,PATIENTSAFETY_STRATEGYSCORE,4.842272727
WB_UMI,2023,PATIENTSAFETY_STRATEGYSCORE,3.967435897
WPR,2023,PATIENTSAFETY_STRATEGYSCORE,4.901515152
AMR,2023,PATIENTSAFETY_STRATEGYSCORE,7.33625731
AMR,2023,PATIENTSAFETY_STRATEGYSCORE,5.669005848
AMR,2023,PATIENTSAFETY_STRATEGYSCORE,6.321052632
AFR,2023,PATIENTSAFETY_STRATEGYSCORE,1.740935673
GLOBAL,2023,PATIENTSAFETY_STRATEGYSCORE,3.485342452
EUR,2023,PATIENTSAFETY_STRATEGYSCORE,6.1702402
EMR,2023,PATIENTSAFETY_STRATEGYSCORE,2.3
AMR,2023,PATIENTSAFETY_STRATEGYSCORE,4.739546784
WB_HI,2023,PATIENTSAFETY_STRATEGYSCORE,6.679473326
WB_UMI,2023,PATIENTSAFETY_STRATEGYSCORE,3.528619529
SEAR,2023,PATIENTSAFETY_STRATEGYSCORE,2.409090909
EUR,2023,PATIENTSAFETY_STRATEGYSCORE,5.127513228
AMR,2023,PATIENTSAFETY_STRATEGYSCORE,5.1375
EMR,2023,PATIENTSAFETY_STRATEGYSCORE,4.077777778
WB_HI,2023,PATIENTSAFETY_STRATEGYSCORE,6.311439773
WPR,2023,PATIENTSAFETY_STRATEGYSCORE,4.833333333
WB_HI,2023,PATIENTSAFETY_STRATEGYSCORE,6.292209691
WB_LI,2023,PATIENTSAFETY_STRATEGYSCORE,3.143939394
EUR,2023,PATIENTSAFETY_STRATEGYSCORE,4.0978739
AFR,2023,PATIENTSAFETY_STRATEGYSCORE,3.594736842
